product_names,prices,category
Quaker Quick Cooking White Oats 500 g,7.95 AED,unknown
LuLu White Oats 1 kg,9.90 AED,unknown
Quaker Cooking Oats Tin 500 g,8.65 AED,unknown
Captain Oats 500 g,8.25 AED,unknown
Marvel Avengers Quick Cooking Oats 1 kg,15.95 AED,unknown
Nesquik Chocolate Cereal Bar 25 g,2.95 AED,unknown
Essential Everyday Old Fashion Oats 1.19 kg,25.95 AED,unknown
Quaker Maple & Brown Sugar Instant Oatmeal 272 g,29.90 AED,unknown
Morrisons Mango & Banana Bars 5 x 30 g,10.95 AED,unknown
Bob's Red Mill Peanut Butter Honey & Oats Bob's Bar 5 pcs 210 g,36.50 AED,unknown
Bob's Red Mill Peanut Butter Chocolate & Oats Bob's Bar 5 pcs 210 g,36.50 AED,unknown
Cadbury Raisin Brunch Bar 5 x 32 g,11.50 AED,unknown
Be-Kind Honey Roasted Nuts & Sea Salt Bar 40 g,7.75 AED,unknown
Be-Kind Dark Chocolate Nuts & Sea Salt Bar 40 g,7.75 AED,unknown
Honey Cheerios Wholegrain Breakfast Cereals Bars 6 x 22 g,16.00 AED,unknown
Happy Village Organic Fig & Nut Bar Sweet Cherry 4 x 40 g,19.50 AED,unknown
Happy Village Organic Fig & Nut Bar Tart Cherry 4 x 40 g,19.50 AED,unknown
Happy Village Organic Fruit & Nut Bar Original Fig 4 x 40 g,19.50 AED,unknown
Happy Village Organic Fig & Nut Bar Date 4 x 40 g,19.50 AED,unknown
Happy Village Organic Fig & Nut Bar Apricot 4 x 40 g,19.50 AED,unknown
Nestle KitKat Chocolate Breakfast Cereal Pack 330 g,19.25 AED,unknown
Nestle Fitness Granola With Honey Breakfast Cereal 450 g,19.75 AED,unknown
Kellogg's Corn Flakes The Original 375 g,16.80 AED,unknown
Kellogg's Corn Flakes The Original 750 g,30.80 AED,unknown
Kellogg's Corn Flakes 500 g,8.90 AED,unknown
Nestle Chocapic Chocolate Breakfast Cereal 375 g,19.20 AED,unknown
General Mills Gluten Free Chex Honey Nut 354 g,26.75 AED,unknown
Nestle Nesquik Chocolate Breakfast Cereal 950 g,37.95 AED,unknown
Nestle Lion Caramel Breakfast Cereal 400 g,19.95 AED,unknown
Nestle Nesquik Chocolate Breakfast Cereal Pack 330 g,18.90 AED,unknown
General Mills Classic Trix 394 g,32.95 AED,unknown
Familia Swiss Choco Bits 375 g,18.95 AED,unknown
Breakfast Energy Traditional Corn Flakes 375 g,8.90 AED,unknown
Breakfast Energy Choco Cereals 375 g,10.90 AED,unknown
Breakfast Energy Honey Balls 375 g,9.90 AED,unknown
Breakfast Energy Choco Shell 375 g,10.90 AED,unknown
Breakfast Energy Rice Crispies With Cocoa 375 g,9.90 AED,unknown
Breakfast Energy Muesli With Fruit 375 g,9.90 AED,unknown
Cocomelon Rainbow Fruit Loop Cereal 350 g,14.90 AED,unknown
Kellogg's Coco Pops 20% Less Sugar 330 g,22.50 AED,unknown
LuLu Duo Cocoa Hazelnut Spread 400 g,13.90 AED,unknown
Kissan Pineapple Jam 500 g,9.95 AED,unknown
Nutella Hazelnut Spread with Cocoa 750 g,19.90 AED,unknown
LuLu Creamy Peanut Butter 340 g,10.50 AED,unknown
Lotus Biscoff Spread 720 g,36.95 AED,unknown
Frutessa Strawberry Jam 420 g,8.85 AED,unknown
LuLu Creamy Butter Biscuit Spread 380 g,14.90 AED,unknown
Bonne Maman Salted Caramel Spread 220 g,15.50 AED,unknown
Biona Organic Sunflower Seed Butter 170 g,27.95 AED,unknown
Biona Organic Pumpkin Seed Butter 170 g,29.95 AED,unknown
Scrunch Crunchy Peanut Butter 2 x 340 g,17.95 AED,unknown
Scrunch Creamy Peanut Butter 2 x 340 g,17.95 AED,unknown
Rooh Al Ameer Halawa With Pistachio 700 g,16.95 AED,unknown
Rose's Orange Marmalade 454 g,16.95 AED,unknown
Organiqelle Raspberry Preserves Sugar Free 280 g,34.50 AED,unknown
Baxter Cranberry Jelly 210 g,14.50 AED,unknown
Smucker's Apricot Preserves 340 g,6.50 AED,unknown
Al-Seedawi Halawa with Pistachio 400 g,20.75 AED,unknown
Rose's Lemon & Lime Marmalade 454 g,16.95 AED,unknown
Smucker's Goober Grape 510 g,23.95 AED,unknown
Al Shifa Natural Honey 500 g,33.40 AED,unknown
Goodness Forever Manuka Honey MGO 30+ 400 g,55.75 AED,unknown
Almarai Natural Honey 250 g,18.95 AED,unknown
Al Shifa Acacia Honey 400 g,42.60 AED,unknown
LuLu Tropical Flora Honey 250 g,12.00 AED,unknown
Almarai Black Forest Honey 500 g,79.95 AED,unknown
Al Shifa Batman Acacia Honey 250 g,28.80 AED,unknown
Al Shifa Natural Honey 250 g,17.60 AED,unknown
Langnese Acacia Honey With Natural Honeycomb 500 g,71.95 AED,unknown
Bio Honey Honey With Nuts 420 g,19.90 AED,unknown
Biohoney Natural Honey Squeeze 300 g,21.90 AED,unknown
Happy Valley 10+ UMF Manuka Honey 500 g,219.95 AED,unknown
Langnese Black Forest Honey 1 kg,137.95 AED,unknown
Bio Honey Black Forest Honey 1 kg,89.90 AED,unknown
Almarai Natural Honey 360 g,28.85 AED,unknown
Yemen Dounay Sidr Honey 1 Litre,306.50 AED,unknown
Emirates Honey With Comb - Sidr 1150 g,198.50 AED,unknown
Yemen Honey Bee Pollen 100 g,17.80 AED,unknown
Kashmir Mountain Sidr Honey 1 kg,89.95 AED,unknown
Al Sidr Turmeric And Royal Jelly With Honey 500 g,57.75 AED,unknown
"Hunt's Diced Basil, Garlic & Oregano 411 g",16.50 AED,unknown
Valle Del Cilento Chopped Tomatoes 3 x 400 g,11.50 AED,unknown
Valle Del Cilento Peeled Tomatoes 3 x 400 g,11.50 AED,unknown
Cooked Sweet Corn 400 g,9.50 AED,unknown
Rooh Al Ameer Tahina 400 g,9.40 AED,unknown
Al Ain Tomato Paste 5 x 200 g,16.00 AED,unknown
Al Ain Tomato Paste 8 x 135 g,14.50 AED,unknown
Al Ain Tomato Paste Pouch 25 x 70 g,26.95 AED,unknown
Chtaura Hummus Tahina 380 g,4.25 AED,unknown
Natco Bamboo Shoot Halves in Water 19 oz,5.15 AED,unknown
Seedawi Tahina 400 g,22.65 AED,unknown
Choice Garden Whole Mushrooms 400 g,4.45 AED,unknown
Chtoura Ground Sesame Paste 400 g,15.95 AED,unknown
Sacla Antipasti Marinated Artichokes 285 g,25.75 AED,unknown
King Bell Whole Kernel Sweet Corn 425 g,3.20 AED,unknown
Sacla Antipasti Sun-Dried Tomatoes 280 g,27.30 AED,unknown
Cirio Polpa Fine Chopped Tomatoes 390 g,8.50 AED,unknown
American Classic Young Baby Corn 425 g,3.95 AED,unknown
Al Alali Natural Tomato Paste 8 x 130 g,19.60 AED,unknown
Kasih Hummus Tahini 4 x 135 g,14.50 AED,unknown
Choice Garden Foul Medames 397 g,2.25 AED,unknown
Essential Every Day Dark Red Kidney Beans 425 g,7.50 AED,unknown
Cooks & Co Borlotti Beans in Water 400 g,5.80 AED,unknown
Luna Foul Medames Value Pack 3 x 380 g,10.95 AED,unknown
Luna Baked Beans In Tomato Sauce 3 x 380 g,10.95 AED,unknown
Idilya Chick Peas 290 g,3.90 AED,unknown
California Garden Canned Baked Beans In Tomato Sauce 420 g,5.95 AED,unknown
California Garden Canned Fava Beans Egyptian Recipe 450 g,4.95 AED,unknown
California Garden Gluten Free Premium Plain Fava Beans 450 g,3.80 AED,unknown
California Garden Canned Fava Beans Lebanese Recipe 450 g,5.40 AED,unknown
California Garden Canned Baked Beans In Tomato Sauce 220 g,3.95 AED,unknown
Heinz Baked Beans 415 g,8.50 AED,unknown
Luna Foul Medames 380 g,4.50 AED,unknown
California Garden Canned Peeled Fava Beans Secret Recipe 450 g,4.95 AED,unknown
California Garden Canned Fava Beans With Tahina 450 g,5.25 AED,unknown
Luna Foul Medames Broad Beans 380 g,3.95 AED,unknown
California Garden Canned Fava Beans Mashed Plain 450 g,5.40 AED,unknown
California Garden Canned Peeled Fava Beans With Chili 450 g,4.95 AED,unknown
Maling Foul Medames Broad Beans 397 g,2.25 AED,unknown
Luna Baked Beans In Tomato Sauce 380 g,4.85 AED,unknown
Delimondo Ranch Style Corned Beef 260 g,14.50 AED,unknown
Bordon Chicken Luncheon Meat 320 g 2+1,14.95 AED,unknown
Argentina Hot & Spicy Beef Loaf 150 g,3.20 AED,unknown
Argentina Beef Loaf 150 g,3.10 AED,unknown
Zwan Turkey Luncheon Meat With Herbs 850 g,35.75 AED,unknown
Zwan Chicken Hotdog Sausages 8 pcs 520 g,22.75 AED,unknown
Unium Chicken Luncheon 800 g,19.25 AED,unknown
Pure Foods Corned Beef Chili Garlic 210 g,10.95 AED,unknown
Zwan Chicken Luncheon Meat Hot And Spicy 200 g,11.45 AED,unknown
Zwan Chicken Luncheon Meat 340 g,16.50 AED,unknown
Zwan Hot & Spicy Chicken Luncheon Meat 850 g,35.75 AED,unknown
Robert Chicken Luncheon Meat 340 g,14.50 AED,unknown
Zwan Chicken Luncheon Meat 200 g,11.45 AED,unknown
Zwan Chicken Luncheon Meat 850 g,35.75 AED,unknown
Zwan Hot & Spicy Luncheon Meat 340 g,16.50 AED,unknown
Zwan Luncheon 340 g,16.50 AED,unknown
Zwan Luncheon Meat 850 g,35.75 AED,unknown
Robert Chicken Luncheon Meat 850 g,35.50 AED,unknown
Zwan Hot & Spicy Luncheon Meat 200 g,11.45 AED,unknown
Robert Chicken Luncheon Meat 200 g,9.50 AED,unknown
Rio Mare Light Meat Tuna In Olive Oil 2 x 160 g,24.50 AED,unknown
Rio Mare Salatuna Mexico Recipe Vegetables And Tuna Salad 2 x 160 g,22.75 AED,unknown
Banga Lightly Smoked Sardines in Oil with Chili 120 g,6.50 AED,unknown
Banga Atlantic Herring Matje Fillet In Tomato Sauce 180 g,4.95 AED,unknown
Banga Atlantic Herring Fillet In Oil 180 g,4.95 AED,unknown
Banga Smoke Salmon In Oil 120 g,8.95 AED,unknown
Banga Smoked Atlantic Salmon in Oil 120 g,7.95 AED,unknown
Banga Smoked Mussels in Oil with Chili 120 g,7.95 AED,unknown
Banga Smoked Mussels in Oil 120 g,7.95 AED,unknown
Banga Smoked Atlantic Herring Fillet in Oil 170 g,6.50 AED,unknown
Banga Atlantic Salmon in Tomato Sauce 230 g,6.50 AED,unknown
Banga Atlantic Salmon in Brine 120 g,6.50 AED,unknown
Banga Atlantic Salmon in Oil with Chili Flavour 120 g,6.50 AED,unknown
Banga Atlantic Salmon in Oil with Lemon Flavour 120 g,6.50 AED,unknown
Banga Atlantic Salmon in Oil 120 g,6.50 AED,unknown
Royal Pearl Light Meat Tuna Chunks In Water 3 x 170 g,15.75 AED,unknown
Royal Pearl Light Meat Tuna Chunks In Sunflower Oil 3 x 170 g,16.50 AED,unknown
Pumpui Sardines in Tomato Sauce Intensely Flavour 155 g,3.75 AED,unknown
Pumpui Mackerels in Tomato Sauce 155 g,5.75 AED,unknown
Pumpui Mackerels in Tomato Sauce Intensely Flavour 155 g,3.75 AED,unknown
Indus Valley Extra Long Classic Basmati Rice 5 kg,28.95 AED,unknown
Mughal Basmati Rice 1121 5 kg,29.90 AED,unknown
Sunwhite Calrose Rice 2 kg,18.10 AED,unknown
LuLu White Rice 2 kg,7.90 AED,unknown
ATD Palakkadan Matta Rice 5 kg,17.50 AED,unknown
Mahin Basmati Rice Value Pack 5 kg,19.95 AED,unknown
Bardhaman Rose Biriyani & Ghee Rice 5 kg,37.95 AED,unknown
Daawat Traditional White Indian Basmati Rice 5 kg,39.95 AED,unknown
Vee Tee Mega Extra Long Premium Basmati Rice 5 kg,31.95 AED,unknown
LuLu Bardhaman Jeerakasala Rice 5 kg,32.90 AED,unknown
Lotus Rice Brown Jasmine Rice 5 kg,27.95 AED,unknown
Riso Vignola Verele Purple Rice 342 g,18.95 AED,unknown
Riso Vignola Verele Brown Black Rice 342 g,18.95 AED,unknown
Riso Vignola Verele Pink Rice 342 g,21.95 AED,unknown
Amis Jeerakasala Biriyani Rice 5 kg,39.95 AED,unknown
Siblings Glutinous Rice ( Sweet) 1 kg,8.75 AED,unknown
Riso Scotti Carnaroli Rice 500 g,10.35 AED,unknown
Riso Scotti Risotto Porcino 210 g,14.75 AED,unknown
Tasty Food Bamboo Rice 400 g,26.95 AED,unknown
Tasty Food Navara Rice 400 g,11.20 AED,unknown
Maggi 2 Minutes Curry Noodles 5 x 79 g,10.75 AED,unknown
Maggi Hot & Spicy Instant Noodles 5 x 78 g,10.50 AED,unknown
Samyang 2x Spicy Extreme Hot Chicken Ramen Cup Noodles With Added Sugar 70 g,6.90 AED,unknown
Barilla Integrale Whole Wheat Spaghetti Pasta No.5 500 g,16.35 AED,unknown
Emirates Macaroni Penne 400 g,4.95 AED,unknown
LuLu Instant Noodles Chicken Special Flavour 10 x 75 g,14.90 AED,unknown
Barilla Pasta Elbow 500 g,10.50 AED,unknown
Pasta Bella Pipe Lisce No.55 500 g,4.50 AED,unknown
Panzani Linguine Pasta 500 g,12.25 AED,unknown
LuLu Minnie Mouse Shell Kids Pasta 400 g,5.25 AED,unknown
Pasta Bella Spaghetti No.8 500 g,4.50 AED,unknown
KFMBC Macaroni No.40 500 g,7.75 AED,unknown
KFMBC Macaroni No.27 500 g,7.95 AED,unknown
Pasta Bella Penne Rigate No.27 500 g,4.50 AED,unknown
Pasta Bella Fusilli No.40 500 g,4.50 AED,unknown
Pasta Bella Vermicelli No.12 500 g,4.50 AED,unknown
Pasta Bella Ditalini No.23 500 g,4.50 AED,unknown
Pasta Bella Cocciolini No.32 500 g,4.50 AED,unknown
Barilla Collezione Pasta Tagliatelle Uovo 450 g,26.95 AED,unknown
Little Pasta Organics Travel Shaped Pasta With Spinach & Tomato 300 g,16.95 AED,unknown
Maggi Chicken Noodle Soup 12 x 60 g,65.40 AED,unknown
Maggi Excellence Broccoli Soup 48 g,6.35 AED,unknown
Noor Creamy Mushroom Soup 80 g,5.75 AED,unknown
Noor Classic Lentil Soup 80 g,5.25 AED,unknown
Noor Chicken Noodle & Ginger Soup 60 g,3.50 AED,unknown
Noor Chicken Noodle Soup 60 g,5.25 AED,unknown
Maggi Mushroom Soup 10 x 54 g,63.50 AED,unknown
Maggi Excellence Asparagus Soup 49 g,6.60 AED,unknown
Maggi Excellence Chicken Soup With Corn 10 x 47 g,65.25 AED,unknown
Batchelors Cup A Soup Cream of Vegetable with Croutons 122 g,9.95 AED,unknown
Batchelors Cup A Soup Tomato Soup 93 g,9.95 AED,unknown
Knorr Packet Soup Lentil 80 g,6.25 AED,unknown
Maggi Chicken with ABC Pasta Soup 12 x 66 g,63.75 AED,unknown
Maggi Spring Season Soup 12 x 59 g,59.45 AED,unknown
Maggi 11 Vegetables Soup 12 x 53 g,70.00 AED,unknown
Maggi Cream of Chicken Soup 12 x 71 g,70.00 AED,unknown
Maggi Cream Of Mushroom Soup 12 x 68 g,71.40 AED,unknown
Knorr Soup Chicken Noodle 12 x 60 g,63.60 AED,unknown
Knorr Soup Cream of Mushroom 12 x 53 g,68.40 AED,unknown
Maggi Lentil Soup Sachet 84 g,6.25 AED,unknown
Al Ain Bottled Drinking Water 6 x 1.5 Litres,5.25 AED,unknown
Masafi Pure Bottled Drinking Water Value Pack 6 x 1.5 Litres,4.50 AED,unknown
Oasis Bottled Drinking Water Value Pack 6 x 1.5 Litres,4.95 AED,unknown
Mai Dubai Bottled Drinking Water Value Pack 6 x 1.5 Litres,5.25 AED,unknown
Oasis Bottled Drinking Water Value Pack 12 x 500 ml,4.90 AED,unknown
Al Ain Bottled Drinking Water 12 x 500 ml,4.25 AED,unknown
Al Ain Drinking Water Value Pack 24 x 500 ml,10.00 AED,unknown
Arwa Drinking Water 12 x 500 ml,10.85 AED,unknown
Mai Dubai Drinking Water Value Pack 12 x 500 ml,5.25 AED,unknown
Masafi Pure Bottled Drinking Water Value Pack 12 x 500 ml,4.50 AED,unknown
Masafi Alkalife Alkaline Water 12 x 500 ml,12.00 AED,unknown
Mai Dubai Bottled Drinking Water Value Pack 12 x 330 ml,5.25 AED,unknown
Masafi Zero Mineral Water Sodium Free 12 x 500 ml,11.90 AED,unknown
Mai Dubai Drinking Water Value Pack 24 x 200 ml,8.25 AED,unknown
Oasis Zero Sodium Free Bottled Water 12 x 500 ml,9.00 AED,unknown
Al Ain Bottled Drinking Water 24 x 200 ml,6.50 AED,unknown
Oasis Bottled Drinking Water Value Pack 12 x 330 ml,4.95 AED,unknown
Al Ain Bottled Drinking Water Value Pack 24 x 330 ml,11.25 AED,unknown
Arwa Drinking Water 6 x 1.5 Litres,11.10 AED,unknown
Masafi Zero Sodium Free Drinking Water Value Pack 6 x 1.5 Litres,5.90 AED,unknown
Lipton Mint Green Tea 25 Teabags,15.95 AED,unknown
Brooke Bond Red Label Black Loose Tea 800 g,37.95 AED,unknown
Lipton Yellow Label Black Loose Tea 400 g,23.95 AED,unknown
Wagh Bakri Premium Tea 450 g,16.95 AED,unknown
Ahmad Tea English Breakfast Tea 100 g,20.95 AED,unknown
Society Tea Premium Indian Leaf Tea 450 g,19.25 AED,unknown
Twinings Infuso Lemon and Ginger 50 Teabags,53.80 AED,unknown
LuLu Blended Black Tea 420 g,13.50 AED,unknown
Ahmad Tea Cardamom Tea 500 g,31.95 AED,unknown
Lipton Yellow Label Black Loose Tea 800 g,44.50 AED,unknown
Ahmad Tea English Breakfast 500 g,32.30 AED,unknown
Carmien Coco Pine Cold Brew Pineapple Flavoured Rooibos Tea 20 pcs 50 g,19.90 AED,unknown
Carmien Very Berry Rooibos Tea 20 Teabags,13.90 AED,unknown
Wins Town Hypertension Tea 20pcs 50 g,28.85 AED,unknown
Senpure Taro Milk Tea 80 g,8.60 AED,unknown
Senpure Wheat Milk Tea 80 g,8.60 AED,unknown
Power Root Alitea Classic 3In1 13 x 20 g,22.10 AED,unknown
Power Root Alitea 3in1 Classic Ginger Tea 12 x 20 g,22.25 AED,unknown
Royal Slimming Tea Herbal 20 Teabags,21.25 AED,unknown
Twinings Decaffeinated English Breakfast Tea 40 Teabags,26.50 AED,unknown
Nescafe Classic Coffee 190 g,26.75 AED,unknown
Nescafe Red Mug Instant Coffee 190 g,37.95 AED,unknown
Maxwell House Smooth Blend Soluble Coffee 95 g,20.15 AED,unknown
L'Or Espresso Onyx Intensity 12 Aluminium Coffee Capsules 10pcs,23.75 AED,unknown
Melitta Gold 100% Natural Coffee 50 g,11.50 AED,unknown
Bru Original Instant Coffee 200 g,30.50 AED,unknown
Maxwell House Rich Blend Instant Coffee 95 g,20.15 AED,unknown
Italcaffe Espresso Italiano 100% Arabica Capsule 10pcs,16.90 AED,unknown
Le Cafe Gold Instant Coffee 100 g,14.90 AED,unknown
LuLu Cafe Instant Coffee 100 g,12.90 AED,unknown
Davidoff Coffee Decaf Elegant Instant Coffee 100 g,32.50 AED,unknown
Morrisons Full Roast Instant Coffee 200 g,17.50 AED,unknown
Morrisons Savers Instant Coffee 100g,8.50 AED,unknown
Morrisons Full Roast Decaf Coffee 200 g,32.90 AED,unknown
Coffee Bean Medium 500 g,19.95 AED,unknown
Coffee Bean Arabic 500 g,20.45 AED,unknown
Coffee Bean Black 500 g,19.95 AED,unknown
Sugar Free D'Lite 3in1 French Vanilla Cappuccino Instant Coffee 18 g,2.50 AED,unknown
Atkins Iced Coffee Protein Shake 325 ml,16.95 AED,unknown
Tim Hortons Bold Roast Coffee 300 g,61.20 AED,unknown
Nescafe Cappuccino Drink 225 ml,4.50 AED,unknown
Nescafe Spanish Latte Drink 225 ml,4.50 AED,unknown
Al Ain Mango & Grape Juice 1.5 Litres,9.25 AED,unknown
Almarai Mixed Fruit Juice No Added Sugar 1.4 Litres,7.95 AED,unknown
Coca-Cola Regular 2.26 Litres,8.00 AED,unknown
Mountain Dew Carbonated Soft Drink Cans 6 x 245 ml,10.00 AED,unknown
Al Ain Farms Apple Juice 1.5 Litres,9.25 AED,unknown
Lipton Peach Ice Tea 500 ml,11.25 AED,unknown
Pepsi Bottle Cola Beverage 500 ml,3.50 AED,unknown
LuLu Coconut Juice With Pulp 310 ml,3.90 AED,unknown
Schweppes Dry Ginger Ale 30 x 150 ml,71.90 AED,unknown
Green Cola Pomegranate Ginger & Lime Mocktails 4 x 330 ml,24.75 AED,unknown
Green Cola No Caffeine No Sugar 4 x 330 ml,24.25 AED,unknown
Pepsi Zero Sugar Black Can 330 ml,2.50 AED,unknown
Vinut Chia Seed with Mango Juice 290 ml,4.95 AED,unknown
Vinut Chia Seed with Strawberry Juice 290 ml,4.95 AED,unknown
Almarai Green Tea & Moroccan Ice Tea 240 ml,2.00 AED,unknown
Almarai Lemon & Elderflower Ice Tea 240 ml,2.00 AED,unknown
Almarai Peach & Hibiscus Ice Tea 240 ml,2.00 AED,unknown
Al Rawabi Fruit Cocktail + Apple + Berry Blast No Added Sugar 3 x 800 ml,15.95 AED,unknown
Annapurna Chakki Whole Wheat Flour 5 kg,13.90 AED,unknown
Grand Mills Flour All Purpose Flour No.1 2 kg,10.75 AED,unknown
Dream Whip Whipped Topping Mix (2 Sachets) 72 g,5.95 AED,unknown
LuLu Chocolate Syrup 680 g,16.25 AED,unknown
Al Alali Dumpling Mix 459 g,6.10 AED,unknown
Al Baker All Purpose Flour No.1 1 kg,5.65 AED,unknown
Betty Crocker Dark Chocolate Supreme Brownie Mix 500 g,17.50 AED,unknown
Cape Foods Part Delight Luxury Toppings 83 g,15.50 AED,unknown
Cadbury Moist Chocolate Cake Mix 400 g,22.50 AED,unknown
LuLu Gram Flour Besan Powder 800 g,5.90 AED,unknown
Goodness Forever Original Pancake Syrup 709 ml,16.50 AED,unknown
Foster Clark's Mango Jelly 80 g,2.40 AED,unknown
Nirapara Ragi Puttu Podi 1 kg,8.75 AED,unknown
Betty Crocker Pancake Crepe Waffle Mix 2 x 360 g,15.75 AED,unknown
Eureka Mills Pizza Base Mix 1 kg,10.50 AED,unknown
Betty Crocker Super Moist Butter Pecan Cake Mix 375 g,16.50 AED,unknown
Allinson's Dried Active Yeast 125 g,18.50 AED,unknown
Betty Crocker Chocolate Cookie Mix 200 g,13.95 AED,unknown
Betty Crocker Whipped Frosting Chocolate 340 g,16.90 AED,unknown
LuLu Moong Powder 500 g,5.50 AED,unknown
LuLu Crystal Delite White Sugar 2 kg,9.25 AED,unknown
Steviana Sweetener Slim Sticks 100 pcs,34.25 AED,unknown
SIS Fine Grain White Sugar 5 kg,20.95 AED,unknown
LuLu Brown Sugar Jar 1 kg,12.90 AED,unknown
Al Osra Fine Sugar 1 kg,5.90 AED,unknown
Sugar Free Green Sweetener for Calorie Conscious 300 pcs,31.95 AED,unknown
SIS Sugar 2 x 2 kg,17.75 AED,unknown
Sis Brown Sugar 1 kg,13.15 AED,unknown
Noa Fine Sugar 5 kg,13.90 AED,unknown
LuLu Stevia Sweetener 300 g,24.95 AED,unknown
LuLu Brown Sugar Pouch 400 g,6.90 AED,unknown
LuLu Brown Sugar Jar 400 g,7.90 AED,unknown
Sugar Free Natura Sweet Drops Zero Calories 10 ml,19.40 AED,unknown
Canderel Low Calorie Sweetener with Sucralose 50 pcs,15.95 AED,unknown
Canderel Monk Fruit with Erythritol 150 g,25.40 AED,unknown
Canderel Low Calorie Sweetener with Sucralose 100 pcs,27.50 AED,unknown
Lump Sugar 250 g,3.40 AED,unknown
Al Osra Fine Sugar 5 kg + 1 kg,21.25 AED,unknown
Sri Lankan Farmer Palmyrah Sugar 500 g,25.90 AED,unknown
Stevia In The Raw Zero Calorie Sweetener 50pcs,20.90 AED,unknown
Barni Chocolate Cake Value Pack 12 x 30 g,22.50 AED,unknown
Oreo Original Cookies Roll Pack 147.2 g,4.10 AED,unknown
Loacker Quadratini Napolitaner Bite Size Wafer Cookies 250 g,19.80 AED,unknown
Papadopoulos Caprice Wafer Rolls with Hazelnut and Cocoa Cream 400 g,24.90 AED,unknown
Ferrero Kinder Happy Hippo Cocoa Biscuit 102 g,11.40 AED,unknown
Britannia 50-50 Sweet & Salty Crackers 12 x 71 g,12.90 AED,unknown
McVitie's Digestive Creams Vanilla Filled Wheat Biscuit 12 x 40 g,15.00 AED,unknown
McVitie's Digestive Chocolate Cream Filled Wheat Biscuits 100 g,4.20 AED,unknown
McVitie's Digestive Vanilla Cream Filled Wheat Biscuits 100 g,4.20 AED,unknown
Fibisco Chocolate Chip Cookies 600 g,26.20 AED,unknown
Peanut Cookies 230 g,7.20 AED,unknown
Almond Cookies Egg Free 230 g,7.20 AED,unknown
White Chocolate Cranberry Cookies 230 g,8.40 AED,unknown
Primart Choco Bite with Milk Chocolate 28 g,0.95 AED,unknown
Primart My Coffee Biscuit Carmelised 180 g,5.50 AED,unknown
Primart Crispy Oatmeal Cookies with Sesame Seeds 190 g,5.95 AED,unknown
Primart Cookies with Fruit Filling 180 g,5.95 AED,unknown
Primart Crispy Cookie With Fruit Cream Filling & Cocoa 215 g,6.50 AED,unknown
Primart Biscuits with Milk & Sprinkled Sugar 200 g,5.95 AED,unknown
Primart Cookies Crispy Finger 200 g,6.50 AED,unknown
Nestle KitKat 2 Fingers Mini Bag Milk Chocolate Bag 13 pcs 175.5 g,15.80 AED,unknown
Frey Supreme Extra Fine Milk Chocolate Bar 100 g,17.50 AED,unknown
Frey Mahony Dark Chocolate Bar 100 g,15.50 AED,unknown
Nestle Quality Street Tub Chocolate 600 g,29.95 AED,unknown
M&M's Peanut Pouch 150 g,13.20 AED,unknown
Galaxy Mixed Minis Chocolate 400 g 2+1,56.90 AED,unknown
Galaxy Jewels Assortment Chocolate Gift Box 200 g,15.90 AED,unknown
Lindt Lindor Irresistibly Smooth Milk Chocolate 225 g,49.95 AED,unknown
Nestle KitKat Miniatures Milk Chocolate 10pcs 110 g,10.15 AED,unknown
Milka Chocolate with Alpine Milk 100 g,8.50 AED,unknown
Cadbury Dairy Milk Plain Milk Chocolate Bar 230 g,12.75 AED,unknown
Nestle Japanese KitKat Milk Tea Minis 7 pcs,13.50 AED,unknown
Nestle Japanese KitKat Black Chocolate Minis 12 pcs,16.50 AED,unknown
Pakel Choc & Choc Colored Sugar And Milk Chocolate With Spotted Egg 100 g,3.90 AED,unknown
Pakel Miskets Assorted Dragee Box 170 g,9.90 AED,unknown
LuLu Sweet Fantasy Cocobite Fruitti 1 kg,21.50 AED,unknown
Goetze's Cow Tales Caramel Brownie Candy 28 g,2.95 AED,unknown
Betty Crocker Fruit Roll-Ups Tropical Tie Dye 10 Rolls,29.50 AED,unknown
Galaxy Ripple Choco Bar 4 pcs 120 g,12.60 AED,unknown
Ulker Albeni Milk Chocolate Biscuit With Caramel 24 x 31 g,39.95 AED,unknown
Herbamelle Mentho Eucalyptus Honey Candy 75 g,8.95 AED,unknown
IA Foods Konjac Aquarium Jelly Cola 120 g,6.50 AED,unknown
Lolliboni Sour Brain Cotton Candy 50 g,5.50 AED,unknown
Lolliboni PJ Mask Cotton Candy 50 g,5.50 AED,unknown
Lolliboni Hello Kitty Cotton Candy 50 g,5.50 AED,unknown
Lolliboni Unicorn Cotton Candy 50 g,5.50 AED,unknown
Lolliboni Dracula Lollipop 30 g,2.50 AED,unknown
Lolliboni Happy Face Lollipop 30 g,2.50 AED,unknown
Lolliboni Unicorn Lollipop 30 g,2.50 AED,unknown
Lolliboni Hello Kitty Lollipop 30 g,2.50 AED,unknown
Swizzels Scrumptious Sweets Assorted 173 g,8.95 AED,unknown
Minions Flashing Bracelet with Candy 10 g,15.00 AED,unknown
Swizzels Drumstick Drumstick Choos Assorted Flavour 150 g,6.50 AED,unknown
Twizzlers Cherry Flavored Pull n' Peel Candy 172 g,18.50 AED,unknown
Free From Fellows Vanilla Vegan Mallows 105 g,10.95 AED,unknown
Free From Fellows Strawberry Vegan Mallows 105 g,10.95 AED,unknown
The Natural Confectionery Jelly Babies 220 g,14.95 AED,unknown
Bazooka Juicy Drop Gummies Chews Sour Gel Strawberry 57 g,8.95 AED,unknown
Bazooka Juicy Drop Chews Sour Gel Strawberry & Raspberry 67 g,8.95 AED,unknown
Yupi Gummy Candies Aquarium 32 g,1.65 AED,unknown
Wrigley's Extra Refreshers Bubblemint Sugar Free Gum 15.6 g,3.30 AED,unknown
"Wrigley's Extra Refreshers Strawberry, Lemon Flavour Sugar Free Gum 30 pcs 67 g",12.95 AED,unknown
"Wrigley's Extra Refreshers Strawberry, Lemon Flavour Sugar Free Gum 15.6 g",3.45 AED,unknown
Fini Sour Filled Straws With Strawberry 165 g,10.90 AED,unknown
Mentos Incredible Chew Grape & Strawberry Flavour 140 g,10.90 AED,unknown
Mentos Incredible Chew Cola Flavour 140 g,10.90 AED,unknown
Halls Cherry Flavoured Candy (8 Pieces) 22.4 g,1.75 AED,unknown
Wrigley's Extra Strawberry Gum 30 x 10 pcs,78.00 AED,unknown
Wrigley's Extra Peppermint Gum Sugar Free 6 x 60 pcs,52.50 AED,unknown
Wrigley's Extra Spearmint Gum Sugar Free 6 x 60 pcs,52.50 AED,unknown
Wrigley's Extra Peppermint Gum 30 x 10 pcs,64.40 AED,unknown
Wrigley's Extra Spearmint Gum 30 x 10 pcs,78.00 AED,unknown
Batook Orange Chewing Gum 20 x 12.5 g,5.50 AED,unknown
Batook Banana Chewing Gum 5 x 20 pcs,5.50 AED,unknown
Batook Special Mint Chewing Gum 5 x 20 pcs,5.50 AED,unknown
Wrigley's Spearmint Chewing Gum 20 x 13 g,19.00 AED,unknown
Nestle Polo Peppermint Mint Candy 48 x 12 g,41.40 AED,unknown
Batook Strawberry Chewing Gum 20 x 12.5 g,5.50 AED,unknown
Zed Mini Gum Balls Machine 35 g,14.70 AED,unknown
Mentos Pure Fresh Sugar Free Chewing Gum Bubble Fresh Flavour 50pcs,12.50 AED,unknown
Dreem Basboussa 450 g,8.95 AED,unknown
Dreem Desert Om Ali 200 g,9.25 AED,unknown
Chtoura Orange Blossom Water 500 ml,7.10 AED,unknown
Bzuriyeh Hot Falafel Ready Mix 500 g,11.95 AED,unknown
Bzuriyeh Maftoul 700 g,9.95 AED,unknown
Chtoura Foods Orange Blossom Water 250 ml,3.95 AED,unknown
Bzuriyeh Falafel Ready Mix 500 g,11.95 AED,unknown
Santa Maria Dip Nacho Cheese Style 250 g,18.25 AED,unknown
Santa Maria Dip Tex Mex Style 250 g,17.70 AED,unknown
Ramadan Essential Kit,49.95 AED,unknown
Yamama Orange Blossom Water 750 ml,11.50 AED,unknown
Sarwar Kewra Water 200 ml,2.90 AED,unknown
Al Jazeera Kuwaiti Lemon Maabooch 400 g,24.90 AED,unknown
Al Jazeera Bahraini Chilly & Lemon Pickle 500 g,19.90 AED,unknown
AL Jazeera Maabooch Mango Kuwaiti 400 g,24.90 AED,unknown
Abidin Senol Pomegranate Sour Sauce 470 g,13.20 AED,unknown
Quba Mint Water 570 ml,13.95 AED,unknown
Quba Marqadoosh Water 570 ml,13.95 AED,unknown
Quba Zamoota Water 570 ml,13.95 AED,unknown
Abidin Senol Pomegranate Sour Sauce 1 kg,13.75 AED,unknown
Sheentaro Dried Moringa Leaves 50 g,6.95 AED,unknown
Sheentaro Dried Lemon Grass Leaves 100 g,6.95 AED,unknown
Buenas Sugar Palm Fruit Red (Kaong) 340 g,7.95 AED,unknown
Mother's Best Barbecue Marinade 350 ml,8.40 AED,unknown
Hunts Pinoy Party Style Spaghetti Sauce 1 kg,10.30 AED,unknown
Hunts Tomato Sauce 250 g,3.25 AED,unknown
Siblings Oyster Sauce 375 ml,8.30 AED,unknown
Hunts Tomato Sauce 1 kg,10.30 AED,unknown
Barrio Fiesta Beef Broth Cubes 60 g,3.25 AED,unknown
Stateline Tomi Super Sweet Corn Chips 110 g,4.40 AED,unknown
Siblings Sweet Sugar Palm Fruit Red (Kaong) 340 g,6.95 AED,unknown
Siblings Sweet Sugar Palm Fruit Green (Kaong) 340 g,6.95 AED,unknown
Aling Conching Dried Banana Blossoms 40 g,2.65 AED,unknown
M.Y San Skyflakes Cracker Sandwich Condensada (Sweet Milk) Flavour 150 g,4.50 AED,unknown
Laura's Garlic Bread Sticks 250 g,7.50 AED,unknown
Siblings Pinapaitan Mix 50 g,3.20 AED,unknown
Aling Conching Regular Crab Paste (Taba ng Talangka) 227 g,15.70 AED,unknown
Hunts Pinoy Party Style Spaghetti Sauce 250 g,3.70 AED,unknown
Hansel Milk Sandwich Cream Filled Biscuit 10 x 31 g,7.50 AED,unknown
Siblings Salted Egg Powder 50 g,5.90 AED,unknown
Datar Jaggery Cubes 1 kg,8.75 AED,unknown
Middle East Appalam 30pcs 160 g,4.10 AED,unknown
Thamar Honey Ball 250 g,3.25 AED,unknown
Thamar Coco Candy 250 g,4.25 AED,unknown
Thamar Lemon Candy 250 g,3.75 AED,unknown
Thamar I mly Tamarind Candy 250 g,4.50 AED,unknown
Nellara Semiya Payasam Mix 200 g,4.25 AED,unknown
Nellara Palada Payasam Mix 200 g,4.25 AED,unknown
LuLu Black Salt Powder 100 g,2.65 AED,unknown
Lijjat Jeera Papadam 200 g,5.20 AED,unknown
Lijjat Moong Papad 200 g,5.95 AED,unknown
Green Star Indian Pappadam Medium 10pcs,1.60 AED,unknown
Green Star Indian Pappadam 10pcs,2.10 AED,unknown
Green Star Indian Pappadam 10pcs,2.65 AED,unknown
Great Indian Food Sprouted Jowar Dosa Mix 300 g,7.95 AED,unknown
Middle East Bakery Pappadam Large 10pcs,2.65 AED,unknown
Eastern Coconut Chutney Powder 200 g,15.95 AED,unknown
Datar Jaggery Natural 500 g,3.75 AED,unknown
Indian Pappadam Medium 10pcs,1.60 AED,unknown
Bikaji Dil Khush Papad 200 g,4.90 AED,unknown
Korean Slice Kimchi Pickles 250 g,9.95 AED,unknown
Green Village Fresh Tofu 500 g,7.25 AED,unknown
Good Seoul Korean Style Corn Dog Crispy Beef & Cheese 320 g,24.50 AED,unknown
Good Seoul Korean Style Corn Dog Crispy Cheese 320 g,24.50 AED,unknown
Good Seoul Korean Style Corn Dog Crispy Chicken 320 g,24.50 AED,unknown
Good Seoul Korean Style Corn Dog Crispy Beef 320 g,24.50 AED,unknown
Good Seoul Bulgogi Topokki Korean Rice Cake 93 g,10.25 AED,unknown
Good Seoul Tubez Crunchy Extra Spicy Flavour 85 g,9.90 AED,unknown
Good Seoul Tubez Crunchy Sweet & Spicy Flavour 85 g,9.90 AED,unknown
Good Seoul Chili Lime Topokki Korean Rice Cake 113 g,10.25 AED,unknown
Good Seoul Kimchi Topokki Korean Rice Cake 113 g,10.25 AED,unknown
Good Seoul Tubez Crunchy Sweet & Spicy Chili Lime Flavour 85 g,9.90 AED,unknown
Paldo Chajang Noodle 4 x 200 g,26.95 AED,unknown
Samyang Carbo Hot Chicken Flavor Ramen 5 x 130 g,33.50 AED,unknown
Samyang Cheese Hot Chicken Flavor Ramen Fried Noodles 5 x 140 g,24.95 AED,unknown
Samyang Ramen Noodle Soup 5 x 120 g,28.25 AED,unknown
Samyang Hot Chicken Flavour Ramen 5 x 140 g,32.50 AED,unknown
Samyang Seafood Party Noodle Soup 5 x 125 g,27.75 AED,unknown
Samyang Buldak Habanero Lime Hot Chicken Ramen Stir-Fried Instant Noodles 5 x 135 g,32.25 AED,unknown
Samyang Chacharoni Black Bean Sauce Ramen Noodle 5 x 140 g,28.25 AED,unknown
Barilla Toscana Pasta Sauce With Italian Tomato and Herbs 400 g,19.25 AED,unknown
Kraft Hickory Smoke Barbecue Sauce 496 g,16.50 AED,unknown
Hellmann's Vegan Mayonnaise Without Eggs 405 g,19.50 AED,unknown
LuLu Caesar Salad Dressing 400 ml,16.50 AED,unknown
Heinz Creamy Classic Mayonnaise Value Pack 940 g,14.90 AED,unknown
Tabasco Sriracha Sauce 566 g,19.15 AED,unknown
Sriracha Hot Chili Sauce 255 g,18.50 AED,unknown
Knorr Mayo-Chup 420 ml,18.60 AED,unknown
French's Classic Yellow Mustard 567 g,19.95 AED,unknown
Barilla Pesto Pomodori Secchi Pasta Sauce With Italian Sun-Dried Tomatos 200 g,24.90 AED,unknown
LuLu French Salad Dressing 400 ml,16.50 AED,unknown
LuLu Thousand Island Dressing 400 ml,16.50 AED,unknown
LuLu Ranch Dressing 400 ml,16.50 AED,unknown
Yamamori Roasted Sesame Dressing 220 ml,13.50 AED,unknown
Tiffany Tomato Ketchup Value Pack 2 x 500 g,10.95 AED,unknown
American Garden Real Mayonnaise Original Squeeze Value Pack 400 ml,13.95 AED,unknown
Saucy Gourmet Hot Habanero Salsa 439 g,29.90 AED,unknown
Maille Honey Mustard 200 ml,15.25 AED,unknown
Clara Ole Chunky Tomato With Three Cheese Pasta Sauce 225 g,4.75 AED,unknown
Tajin Lime Mild Hot Sauce 455 ml,20.90 AED,unknown
Orgado Mixed Pickles 660 g,15.50 AED,unknown
Orgado Hot Pepper Pickles 660 g,15.50 AED,unknown
Orgado White Habanero Pickles 660 g,15.50 AED,unknown
Orgado Cucumber Pickles 660 g,15.50 AED,unknown
Al Alali Fancy Vine Leaves 2 x 908 g,43.90 AED,unknown
Nellara Coconut Chutney Powder 200 g,9.50 AED,unknown
Maille Cornichons Fins Gherkins 300 g,32.95 AED,unknown
Van Holten's Hearty Dill Pickle 1 pc,9.95 AED,unknown
LuLu Fresh Lemon Pickle 300 g,6.25 AED,unknown
LuLu Mixed Pickle 300 g,7.75 AED,unknown
LuLu Fresh Beetroot Pickle 300 g,4.70 AED,unknown
LuLu Garlic (Yellow) Pickle 300 g,10.00 AED,unknown
LuLu Fresh Ginger Pickle 300 g,8.95 AED,unknown
LuLu Fresh Lemon And Dates Pickle 300 g,9.35 AED,unknown
LuLu Fresh Green Chilli (Yellow) Pickle 300 g,8.25 AED,unknown
LuLu Fresh Beetroot And Dates Pickle 300 g,8.25 AED,unknown
LuLu Fresh Mango & Olive Pickle 300 g,10.50 AED,unknown
LuLu Pickle Dates 300 g,7.90 AED,unknown
LuLu Injipuly 300 g,10.00 AED,unknown
LuLu Fresh Kadumanga Pickle 300 g,8.25 AED,unknown
Lay's Maxx Chicago Hot Wings Chips 160 g,7.40 AED,unknown
Tom & Jerry Corn Puffs Cheese 80 g,3.75 AED,unknown
Takis Fuego Hot Chili Pepper & Lime Tortilla Chips 113.4 g,8.75 AED,unknown
Pringles XXL Sour Cream & Onion Flavoured Chips 200 g,14.25 AED,unknown
Good Seoul Tubez Crunchy Sweet & Spicy Flavour 85 g,9.90 AED,unknown
Kurkure Masala Munch Flavour Crispy and Crunchy Puffed Corn Snacks 90 g,3.50 AED,unknown
Cheetos Crunchy Flamin' Hot 99.2 g,8.95 AED,unknown
Doritos Spicy Sweet Chilly Tortilla Chips 92.1 g,9.70 AED,unknown
Takis Fuego Hot Chili Pepper And Lime Rolled Tortilla Chips 310 g,19.95 AED,unknown
Takis Xplosion Cheese And Jalapeno Chili Pepper Tortilla Chips 113.4 g,7.95 AED,unknown
Leslie's Cheezy Corn Crunch Outrageously Cheesy 150 g,6.45 AED,unknown
Mr. Krisps Twists Salted Potato Crunches 80 g,3.95 AED,unknown
Lorenz Pomsticks Cheese 85 g,7.95 AED,unknown
Jack 'n Jill Potato Chips V Cut Spicy Barbeque 60 g,3.50 AED,unknown
Lay's Flamin' Hot Spicy Crunchy Potato Chips 45 g,2.50 AED,unknown
Max Protein Spanish Tomato Protein Chips 150 g,8.95 AED,unknown
Max Protein Cheese & Jalapeno Protein Chips 150 g,8.95 AED,unknown
Max Protein Peri Peri Protein Chips 150 g,8.95 AED,unknown
Max Protein Cream & Onion Protein Chips 150 g,8.95 AED,unknown
DJ&A Crispy Beetroot Slices 35 g,9.95 AED,unknown
LuLu Spicy Tapioca Chips 200 g,4.75 AED,unknown
Peanut Chilli 1 pkt,8.00 AED,unknown
Crispy Banana Chips Plain 200 g,4.75 AED,unknown
Fit & Flex Lemony Mint Multigrain Mixture 180 g,8.95 AED,unknown
Bikaji Moong Dal 200 g,4.90 AED,unknown
Faani Kerala Mixture 200 g,5.90 AED,unknown
Haldiram's Bhujia 400 g,9.70 AED,unknown
GRB Butter Scotch Soan Papdi 200 g,6.95 AED,unknown
Faani Banana Chips Pepper 200 g,7.50 AED,unknown
Haldiram's Khatta Meetha 400 g,10.95 AED,unknown
Faani Tapioca Chips 100 g,2.50 AED,unknown
Faani Spicy Tapioca Chips 100 g,2.50 AED,unknown
New Indian Bakery Achappam 10pcs,7.00 AED,unknown
Rice Pathiri 6 pcs,3.00 AED,unknown
New Indian Bakery Kuzhalappam 10pcs,7.00 AED,unknown
Honey Candy 12 pcs,3.50 AED,unknown
Lali Indian Mixture Assorted 300 g,2.90 AED,unknown
Lali Muruku 200 g,2.90 AED,unknown
Lali Special Indian Mixture 200 g,2.90 AED,unknown
Lali Sweets Snack 200 g,2.95 AED,unknown
Bang Bang Salted Caramel Popcorn 85 g,5.95 AED,unknown
Bang Bang Butter & Coconut Popcorn 85 g,5.95 AED,unknown
Bang Bang White Chocolate Popcorn 85 g,5.95 AED,unknown
Bang Bang Chocolate Popcorn 85 g,5.95 AED,unknown
LuLu Popcorn Honey Cheese 85 g,7.50 AED,unknown
LuLu Popcorn Strawberry 85 g,7.50 AED,unknown
LuLu Popcorn Honey Butter 85 g,7.50 AED,unknown
Hectare's Sweet And Salty Popcorn 80 g,16.25 AED,unknown
Hectares Butter Popcorn 65 g,16.25 AED,unknown
Hectare's Lightly Sea Salted Popcorn 65 g,16.25 AED,unknown
Hectares Salted Caramel Popcorn 75 g,16.25 AED,unknown
Hectare's Salted Caramel Popcorn 25 g,5.35 AED,unknown
Hectare's Lightly Sea Salted Popcorn 20 g,5.35 AED,unknown
Hectare's Butter Popcorn 20 g,5.40 AED,unknown
Hectare's Sweet And Salty Popcorn 30 g,5.35 AED,unknown
Essential Everyday Light Butter Popcorn 230 g,12.95 AED,unknown
LuLu Milk Chocolate Popcorn 85 g,7.50 AED,unknown
LuLu Dark Chocolate Popcorn 85 g,7.50 AED,unknown
LuLu Caramel Popcorn Gluten Free 85 g,7.50 AED,unknown
Tiffany Papa Joe Popcorn Butter 85 g,5.95 AED,unknown
Bayara Ajwa Al Madinah Dates Value Pack 400 g,29.95 AED,unknown
May Finest Grilled Cashew 450 g,16.50 AED,unknown
Halabi Roasted Pumpkin Seeds Value Pack 250 g,18.50 AED,unknown
Bayara Macadamia Nuts 200 g,39.15 AED,unknown
Seeberger Apricots 200 g,24.80 AED,unknown
Date Crown LuLu Dates 1 kg,22.50 AED,unknown
Halabi Roasted Cashews 250 g,38.25 AED,unknown
LuLu Dates 1 kg,12.50 AED,unknown
Seeberger Nuts N Berries 150 g,31.35 AED,unknown
Chick Peas Yellow 500 g,9.95 AED,unknown
Mixed Nuts with Dry Fruits 500 g,23.65 AED,unknown
Snober Turkey 100 g,39.50 AED,unknown
Dehydrated Jackfruits 300 g,13.65 AED,unknown
Figary Dried Fig Slices 200 g,20.50 AED,unknown
Delicious Island Sunflower Kernels Roasted & Salted 125 g,4.50 AED,unknown
Delicious Island Spicy Roasted Peanuts 150 g,4.50 AED,unknown
Delicious Island Roasted Peanuts with Honey 150 g,4.50 AED,unknown
Delicious Island Roasted Salted Peanuts 150 g,4.50 AED,unknown
Dry Lemon Black 1 kg,25.25 AED,unknown
Fair Cashew Nut W-320 500 g,32.50 AED,unknown
Igloo Malai Kulfi Ice Cream 1 Litre,17.20 AED,unknown
Igloo Rosetta Golden Ribbon Ice Cream 850 ml,17.75 AED,unknown
Igloo Duet Mango And Vanilla Ice Cream Bar 5 x 65 ml,9.95 AED,unknown
Igloo Evens Vanilla Sandwich 6 x 90 ml,9.95 AED,unknown
Igloo Cookies & Cream Ice Cream Cone 5 x 120 ml,9.95 AED,unknown
Igloo Fruit Salad Ice Cream 1 Litre,17.75 AED,unknown
Igloo Butterscotch Ice Cream 2 Litres,24.40 AED,unknown
London Dairy Fruits & Cream Ice Cream 1 Litre,32.90 AED,unknown
Haagen-Dazs Macadamia Nut Brittle Ice Cream 460 ml,14.90 AED,unknown
Snickers Ice Cream 450 ml,30.95 AED,unknown
Igloo Ice Cream Rosetta Raspberry Ripple 850 ml,17.75 AED,unknown
Barakat Froza Blueberry with Bits Ice Cream 475 ml,14.95 AED,unknown
Igloo Mango Ice Cream 1 Litre,13.70 AED,unknown
Wall's Rich & Creamy Chocolate Ice Cream 1 Litre,18.75 AED,unknown
Igloo Ice Cream Cup Mango Tango 150 ml,3.50 AED,unknown
Baskin Robbins Cotton Candy Ice Cream 500 ml,25.75 AED,unknown
Baskin Robbins Ice Cream Assorted Value Pack 1 Litre,39.95 AED,unknown
Baskin Robbins Ice Cream Assorted Value Pack 500 ml,20.90 AED,unknown
Keto Pint Peanut Butter Crunch Ice Cream Bars 4 pcs 325 ml,41.90 AED,unknown
Barakat Mango Passionfruit Juice Pop 50 ml,4.95 AED,unknown
Ashoka Gobi Paratha 400 g,7.95 AED,unknown
Ashoka Frozen Paneer Paratha 300 g,8.95 AED,unknown
Ashoka Aloo Paratha 4 pcs 400 g,7.25 AED,unknown
Miratorg Dumplings Lamb Dorper 700 g,39.90 AED,unknown
Al Kabeer Zing Spicy Chicken Strips 750 g,35.50 AED,unknown
Al Areesh Hot N Crispy Zing Chicken Fillet Value Pack 700 g,29.50 AED,unknown
Al Ain Crispy Chicken Bucket With Fries 1 kg,44.50 AED,unknown
Good Seoul Spicy Noodle Korean Dumpling 420 g,24.90 AED,unknown
LuLu Breaded Tempura Chicken Nuggets 700 g,16.50 AED,unknown
Sadia Crispy Chicken Nuggets 270 g,11.90 AED,unknown
Al Areesh Non Spicy Zing Chicken Strips Value Pack 700 g,29.50 AED,unknown
Cucina Quattro Spicy Crispy Chicken 720 g,34.90 AED,unknown
Sadia Mini Chef Chicken Popcorn 750 g,22.90 AED,unknown
Al Areesh Zakis Spicy & Zesty Breaded Chicken Stick 700 g,34.90 AED,unknown
Al Areesh Non Spicy Zing Chicken Fillet Value Pack 1 kg,38.90 AED,unknown
Lulu Frozen Paneer Cubes 1 kg,29.50 AED,unknown
Samho Authentic Fish Cake Soup Kit 354 g,24.50 AED,unknown
Sadia Chicken Shawarma 2 x 300 g,20.90 AED,unknown
Beyond Meat Plant-Based Sausage 4 x 50 g,28.50 AED,unknown
Quorn Meat Free Chicken Tikka & Rice 300 g,16.50 AED,unknown
Sadia Chicken Burger 24 + 4 pcs,29.90 AED,unknown
Sadia Beef Burger 1 kg,28.90 AED,unknown
Cucina Tempura Chicken Burger 10pcs 560 g,14.90 AED,unknown
Planet Y Vegan XL Burger 2 x 113 g,26.95 AED,unknown
Sadia Angus Beef Burger 240 g,17.90 AED,unknown
Al Kabeer Breaded Chicken Burgers 400 g,15.95 AED,unknown
Al Areesh Chicken Burger 24 pcs 1.2 kg,24.90 AED,unknown
TGI Fridays Wagyu Gourmet Burgers 260 g,39.90 AED,unknown
Disney Kiddy Chicken Burger 400 g,13.95 AED,unknown
Planet Y Chicken-less Patties 2 x 71 g,15.50 AED,unknown
Al Kabeer Chicken Burger Jumbo 1 kg,26.90 AED,unknown
Sadia Chicken Burger Jumbo 1 kg,23.90 AED,unknown
Seara Jumbo Chicken Burger 10pcs,23.90 AED,unknown
Al Areesh Chicken Burger Value Pack 20 pcs,18.90 AED,unknown
Al Areesh Jumbo Chicken Burger Value Pack 10 pcs 1 kg,19.90 AED,unknown
Seara Jumbo Breaded Chicken Burger 10pcs 1 kg,23.90 AED,unknown
Seara Jumbo Breaded Chicken Burger Value Pack 1 kg,13.90 AED,unknown
Seara Breaded Chicken Burger Value Pack 15 pcs 840 g,11.90 AED,unknown
A'Saffa Chicken Burger 1 kg,18.75 AED,unknown
Al Islami Premium Chicken Burger Value Pack 1 kg,25.95 AED,unknown
Al Karamah Shredded Thin Dough 500 g,12.90 AED,unknown
Al Karamah Puff Pastry Squares 20 Sheets Value Pack 1 kg + Offer,14.90 AED,unknown
Farm Rich French Toast Sticks Original 340 g,29.90 AED,unknown
Kellogg's Birthday Cake Waffles 330 g,24.95 AED,unknown
Switz Mutabbaq Leaves 1 kg,15.75 AED,unknown
Switz Filo Thin Pastry Sheets 450 g,11.50 AED,unknown
Switz Thick Filo Pastry Sheets 450 g,11.50 AED,unknown
Solo Empanada Wheat Dough Value Pack 24 pcs 360 g,7.95 AED,unknown
Solo Empanada Dough Light Value Pack 24 pcs 360 g,7.95 AED,unknown
Solo Empanada Dough Value Pack 15 pcs 375 g,7.95 AED,unknown
Solo Empanada Dough Value Pack 24 pcs 360 g,7.95 AED,unknown
Kawan Spring Roll Sheet 2 x 50 Sheets,13.90 AED,unknown
Kawan Spring Roll Sheet 2 x 20 Sheets,11.90 AED,unknown
Kawan Spring Roll Sheet 2 x 50 Sheets,23.90 AED,unknown
Firas Sweets Cream Nabulsi Kunafa Cheese 120 g,11.90 AED,unknown
Firas Sweets Special Nabulsi Kunafa Cheese 120 g,11.90 AED,unknown
Kellogg's Eggo Chocolatey Chip Waffle 349 g,24.95 AED,unknown
Kellogg's Eggo Cinnamon Toast 305 g,24.95 AED,unknown
Kellogg's Eggo Strawberry Waffles 350 g,24.95 AED,unknown
Kellogg's Eggo Buttermilk Waffles 10pcs 349 g,24.50 AED,unknown
Maggi Butter Chicken Mix 340 g,14.50 AED,unknown
Maggi Shawarma Mix Sauce 340 g,14.50 AED,unknown
Maggi Coriander & Garlic Cooking Paste 200 g,10.50 AED,unknown
Al Safi Cooking Cream 1 Litre,25.95 AED,unknown
Barilla Basilico Pasta Sauce 400 g,17.95 AED,unknown
Puck Cooking Cream 500 ml,16.25 AED,unknown
President All Uses Cooking Cream 1 Litre,33.95 AED,unknown
American Garden Classic Steak Sauce 284 g,10.60 AED,unknown
Flaming Thai Sriracha Hot Sauce 450 ml,17.90 AED,unknown
Shan Garlic Paste 310 g,8.50 AED,unknown
Mother's Recipe Butter Chicken Curry Paste 300 g,10.10 AED,unknown
Flora Lactose Free Cooking Cream 500 ml,15.65 AED,unknown
Hunts Mushroom Pasta Sauce 680 g,15.50 AED,unknown
Sacla Wild Garlic Pesto 190 g,17.95 AED,unknown
Leggo's Pasta Sauce Bolognese With Mushroom Chunky Tomato & Herb 500 g,19.95 AED,unknown
Al Alali Pasta Sauce Olives & Mushrooms 320 g,10.50 AED,unknown
Bragg Gluten Free Liquid Aminos Soy Protein Seasoning 177 ml,23.50 AED,unknown
Barilla Bolognese Sauce Value Pack 2 x 400 g,35.90 AED,unknown
Barilla Olive Pasta Sauce With Italian Tomato 400 g,19.50 AED,unknown
Bisto Chili Con Carne Seasoning Mix 170 g,13.50 AED,unknown
RS Spanish Olive Oil 400 ml,32.95 AED,unknown
Rahaf Sunflower Oil 3 Litres,19.90 AED,unknown
LuLu Coconut Oil 1 Litre,15.90 AED,unknown
Amul Cow Ghee High Aroma 1 Litre,42.50 AED,unknown
Parachute Coconut Oil 975 ml,17.95 AED,unknown
Nambisan's Pure Ghee 500 ml,31.15 AED,unknown
LuLu Pure Sunflower Oil 1.5 Litres,21.90 AED,unknown
LuLu Canola Oil 1.5 Litres,19.95 AED,unknown
Parachute Organic Virgin Coconut Oil 200 ml,15.25 AED,unknown
Faash Coconut Oil 1 Litre,10.50 AED,unknown
Afia Pure Corn Oil Enriched with Vitamins A D & E 1.5 Litres,25.75 AED,unknown
Afia Pure Corn Oil 2 x 1.5 Litres + 500 ml,45.50 AED,unknown
LuLu Spanish Extra Virgin Olive Oil 500 ml,27.50 AED,unknown
LuLu Spanish Extra Virgin Olive Oil 750 ml,39.90 AED,unknown
Sun King Sunflower Oil 1.5 Litres,11.50 AED,unknown
Clearspring Organic Pure Toasted Sesame Oil 150 ml,28.90 AED,unknown
Rahaf Sunflower Oil 1.5 Litres,12.50 AED,unknown
Verde Organic Extra Virgin Olive Oil 750 ml,32.50 AED,unknown
Alokozay Sunflower Oil 3 Litres,29.95 AED,unknown
Al Sidr Palestine Olive Oil 1330 g,79.95 AED,unknown
Bayara Black Pepper Whole 500 g,35.95 AED,unknown
Natco Ground White Pepper 100 g,16.25 AED,unknown
Natco Ground Black Pepper 100 g,10.95 AED,unknown
LuLu Lemon Salt 100 g,2.10 AED,unknown
Bayara Black Pepper Whole 170 g,20.60 AED,unknown
Saxa Sea Salt Coarse 350 g,10.50 AED,unknown
Saxa Table Salt Fine 750 g,8.95 AED,unknown
Nezo Fine Low Sodium with Iodine Salt 450 g,15.95 AED,unknown
Nezo Extra Fine Iodized Table Salt 125 g,3.75 AED,unknown
Al Fares Black Pepper Powder 250 g,27.50 AED,unknown
Al Fares Black Pepper Powder 100 g,13.25 AED,unknown
Costa Coarse Sea Salt 750 g,9.95 AED,unknown
Al Fares Lemon Salt 400 g,16.50 AED,unknown
Costa Fine Mediterranean Sea Salt 750 g,9.95 AED,unknown
Nezo Extra Fine Salt And Pepper Mix 100 g,8.70 AED,unknown
Bayara Black Pepper Powder 165 g,19.95 AED,unknown
Lawry's Garlic Salt Coarse Ground With Parsley 311 g,29.95 AED,unknown
LuLu Iodized Refined Table Salt 1 kg,2.20 AED,unknown
Saxa Fine Sea Salt 350 g,10.95 AED,unknown
Saxa Rock Salt Coarse For Cooking And Grinding 350 g,10.95 AED,unknown
Bayara Moong Dal 1 kg,12.60 AED,unknown
LuLu Urid Dal 800 g,7.25 AED,unknown
LuLu Moong Whole 800 g,6.90 AED,unknown
LuLu Indian Black Chana 800 g,7.50 AED,unknown
LuLu Toor Dal 800 g,9.90 AED,unknown
Bayara Masoor Dal 400 g,4.95 AED,unknown
LuLu Green Peas 800 g,5.25 AED,unknown
LuLu Chana Dal 800 g,5.50 AED,unknown
LuLu Urid Dal 400 g,3.90 AED,unknown
LuLu Toor Dal 800 g,13.90 AED,unknown
LuLu Masoor Dal 800 g,9.90 AED,unknown
LuLu White Chickpeas 800 g,11.90 AED,unknown
LuLu Urad Gotta 800 g,11.90 AED,unknown
Al Rabwa Freekon Palestine Baladi 700 g,15.95 AED,unknown
Al Alali Natural Green Freekeh Coarse 450 g,19.95 AED,unknown
LuLu Burgol Brown 800 g,4.95 AED,unknown
Datar Black Chana 500 g,5.90 AED,unknown
LuLu White Chickpeas 800 g,8.75 AED,unknown
LuLu White Chick Peas 400 g,4.50 AED,unknown
LuLu Burgol White 800 g,4.95 AED,unknown
Al Ain Farms Organic Full Cream Milk 1 Litre,10.15 AED,unknown
Heinz Organic Tomato Ketchup 580 g,27.45 AED,unknown
Woodstock Organic Tomato Ketchup 425 g,19.95 AED,unknown
Biona Organic Italian Pasta Wholegrain 500 g,17.50 AED,unknown
Biona Organic Apple Cider Vinegar 500 ml,21.50 AED,unknown
Biona Organic Crunchy Peanut Butter 250 g,24.50 AED,unknown
Badia Organic Ground Flax Seed 453.6 g,39.95 AED,unknown
Earth's Finest Organic Chia Seeds 300 g,20.25 AED,unknown
Earth's Finest Organic White Quinoa 340 g,19.75 AED,unknown
Eden Organic Millet Whole Grain 454 g,22.95 AED,unknown
Bragg Organic Apple Cider Vinegar 946 ml,39.90 AED,unknown
LuLu Organic Flax Seeds 300 g,12.90 AED,unknown
LuLu Organic White Quinoa 300 g,17.95 AED,unknown
Bragg Organic Apple Cider Vinegar 473 ml,27.90 AED,unknown
LuLu Organic Tri Colour Quinoa 300 g,18.95 AED,unknown
Infinity Foods Organic Coconut Chips 250 g,18.95 AED,unknown
SIS Organic Sugar 500 g,12.65 AED,unknown
Infinity Foods Organic Chia Seeds 500 g,34.95 AED,unknown
Infinity Foods Organic Pumpkin Seeds 250 g,20.50 AED,unknown
Agrofino Organic Tricolor Quinoa 340 g,19.95 AED,unknown
Agrofino Organic Tricolor Quinoa 340 g,19.95 AED,unknown
Clearspring Organic Rice Cakes No Added Salt 130 g,9.95 AED,unknown
Groovy Food Organic Coconut Flour 500 g,22.50 AED,unknown
Clearspring Organic Corn Cakes 130 g,9.95 AED,unknown
Real Foods Corn Thins Multigrain Gluten Free 150 g,17.50 AED,unknown
Doves Farm Organic Gluten Free Maize And Rice Pasta 500 g,22.50 AED,unknown
Eden Organic Buck wheat Hulled Whole Grain 454 g,28.90 AED,unknown
Wood Stock Organic Stone Ground Mustard 227 g,21.95 AED,unknown
Natures All Organic Apples 42.5 g,32.50 AED,unknown
Raw Organic Black Chia Seeds 450 g,59.90 AED,unknown
Doves Farm Organic Gluten Free Brown Rice Pasta 500 g,25.50 AED,unknown
Better Than Organic Pasta Spaghetti 385 g,13.25 AED,unknown
Infinity Foods Organic Kasha Roasted Buckwheat 500 g,27.50 AED,unknown
Bio Fair Gluten Organic Rice Quinoa Spaghetti 250 g,26.20 AED,unknown
Infinity Foods Organic Buckwheat Groats 500 g,22.50 AED,unknown
Biona Organic Rice Cakes With Seasalt 100 g,11.95 AED,unknown
Nature's Path Organic Corn Flakes Fruit Juice Sweetened 300 g,14.25 AED,unknown
Bob's Red Mill Organic Golden Flaxseed 368 g,23.50 AED,unknown
Clearspring Organic Rice Cakes Multigrain 130 g,9.95 AED,unknown
Barilla Pesto Basilico Peperoncino Pasta Sauce 195 g,21.50 AED,unknown
Alpen No Added Sugar Swiss Style Muesli Value Pack 560 g,17.90 AED,unknown
Wrigley's Extra Refreshers Bubblemint Sugar Free Gum 15.6 g,3.30 AED,unknown
"Wrigley's Extra Refreshers Strawberry, Lemon Flavour Sugar Free Gum 30 pcs 67 g",12.95 AED,unknown
"Wrigley's Extra Refreshers Strawberry, Lemon Flavour Sugar Free Gum 15.6 g",3.45 AED,unknown
Sugar Free D'Lite Granola Almond And Pumpkin Seeds 450 g,21.25 AED,unknown
Sugar Free D'Lite 3in1 French Vanilla Cappuccino Instant Coffee 18 g,2.50 AED,unknown
Tropicana Slim Sugar Free Drink 3in1 Caffe Latte 10 x 14 g,15.50 AED,unknown
Red Bull Energy Drink Sugar Free 250 ml,9.70 AED,unknown
Areej Mango & Grape Nectar 12 x 225 ml,9.95 AED,unknown
Areej Pineapple Flavoured Drink 225 ml,1.00 AED,unknown
Areej Orange Juice 225 ml,1.00 AED,unknown
Areej Raspberry Flavoured Drink 225 ml,1.00 AED,unknown
Almarai Mixed Fruit Pomegranate Juice 200 ml,1.95 AED,unknown
Almarai Mixed Fruit Pomegranate Juice 300 ml,2.90 AED,unknown
Campoverde Chia Fiber Supremacy 907 g,58.95 AED,unknown
Campoverde Moonlight Serenade 1.36 kg,69.90 AED,unknown
Campoverde 4 Berry Mix 1.36 kg,77.50 AED,unknown
Barakat Orange Fresh Juice 330 ml,7.50 AED,unknown
Barakat Beetroot & Orange Juice 330 ml,8.25 AED,unknown
Barakat Just Carrot Fresh Juice 330 ml,9.15 AED,unknown
Doves Farm Organic Gluten Free Maize And Rice Pasta 500 g,22.50 AED,unknown
Biona Organic Italian Pasta Whole Grain Fusilli 500 g,17.50 AED,unknown
Natures All Organic Apples 42.5 g,32.50 AED,unknown
Doves Farm Organic Gluten Free Brown Rice Pasta 500 g,25.50 AED,unknown
Biona Organic Green Pesto with Pine Kernels 120 g,29.95 AED,unknown
Rainforest Foods Organic Spirulina Powder 200 g,45.95 AED,unknown
Rainforest Foods Organic Maca Root Powder 300 g,45.90 AED,unknown
Bragg Gluten Free Liquid Aminos Soy Protein Seasoning 177 ml,23.50 AED,unknown
Swizzels Luscious Lollies Assorted Vegan 176 g,8.95 AED,unknown
Al Rabwa Carrot Pickles 1 kg,20.75 AED,unknown
Thai Taste Vegan Fish Sauce 180 ml,13.55 AED,unknown
Clearspring Organic Japanese Brown Rice Vinegar 150 ml,16.50 AED,unknown
Bibigo Steamed Dumplings Green Chilli 168 g,14.95 AED,unknown
Bibigo Steamed Dumplings Japchae 168 g,14.95 AED,unknown
Native Food Store Barnyard Millet Flakes 500 g,9.90 AED,unknown
Doves Farm Freee Xanthan Gum 100 g,19.95 AED,unknown
Datar Soya Bean Chunks 200 g,3.95 AED,unknown
Hellmann's Vegan Mayonnaise Value Pack 405 g,14.25 AED,unknown
Bfree High Protein Wraps 4 pcs 168 g,29.95 AED,unknown
Switz Original Tortilla Wraps 8 pcs 360 g,15.45 AED,unknown
Almarai Full Fat Fresh Milk 2 Litres,12.10 AED,unknown
Almarai Full Fat Fresh Milk 1 Gallon,21.15 AED,unknown
Al Ain Farms Full Cream Fresh Milk 2 Litres,12.10 AED,unknown
Al Ain Farms Full Cream Fresh Milk 1 Gallon,21.15 AED,unknown
LuLu Low Fat Fresh Milk 2 Litres,9.90 AED,unknown
LuLu Full Cream Fresh Milk 2 Litres,9.90 AED,unknown
LuLu Full Cream Fresh Milk 1 Gallon,17.75 AED,unknown
Marmum Fresh Milk Full Cream 1 Gallon,19.95 AED,unknown
Meliha Organic Full Fat Fresh Milk 2 Litres,18.00 AED,unknown
Hayatna Full Cream Fresh Milk 2 Litres,9.95 AED,unknown
Al Rawabi Full Cream Fresh Milk 2 Litres,12.10 AED,unknown
Almarai Low Fat Fresh Milk 2 Litres,12.10 AED,unknown
Almarai Fresh Milk Full Fat 1 Litre,6.65 AED,unknown
Meliha Organic Full Fat Fresh Milk 1 Litre,9.95 AED,unknown
Camelicious Fresh Skimmed Camel Milk 1 Litre,21.45 AED,unknown
Hayatna Full Fat Fresh Milk 3.78 Litres,18.95 AED,unknown
Hayatna Low Fat Fresh Milk 1 Litre,6.00 AED,unknown
Hayatna Full Cream Fresh Milk 1 Litre,6.00 AED,unknown
Hayatna Low Fat Fresh Milk 2 Litres,10.95 AED,unknown
Marmum Fresh Milk Low Fat 2 Litres,8.95 AED,unknown
Nestle Cream Original 48 x 160 g,174.90 AED,unknown
Nestle Cream Original 160 g 10+2,51.00 AED,unknown
Lacnor Flavoured Milk Strawberry 8 x 180 ml,9.45 AED,unknown
Rainbow Sweetened Condensed Milk 397 g,8.95 AED,unknown
Arla Organic Milk Low Fat 1 Litre,11.90 AED,unknown
Rainbow Evaporated Milk 3 x 410 g,14.95 AED,unknown
Almarai Sweetened Condensed Milk 2 x 397 g,13.95 AED,unknown
Al Mudhish Cream 160 g,2.95 AED,unknown
KDD Strawberry Flavoured Milk 180 ml 5+1,6.45 AED,unknown
Hayatna Rose Lassi 180 ml,2.25 AED,unknown
Hayatna Kulfi Malai Milk 1 Litre,8.80 AED,unknown
Hayatna Kulfi Malai Milk 180 ml,2.30 AED,unknown
Hayatna Full Cream Long Life Milk 1 Litre,4.90 AED,unknown
Lacnor Essentials Milk Chocolate Drink Low Fat 8 x 180 ml,11.95 AED,unknown
Lacnor High Protein UHT Milk 1 Litre,9.75 AED,unknown
Almarai Lacto Free UHT Milk 4 x 1 Litre,26.00 AED,unknown
Nada UHT Milk Lacto Free 1 Litre,6.50 AED,unknown
KDD 1-2-3 Strawberry Milk Long Life Low Fat 6 x 125 ml,8.70 AED,unknown
Luna Analogue Cream Strawberry 155 g,4.95 AED,unknown
Luna Evaporated Milk 170 g x 6 pcs,12.95 AED,unknown
Yakult Milk Drink 5 x 80 ml,16.95 AED,unknown
LuLu Fresh Laban Drink Full Fat 2 Litre,9.90 AED,unknown
Al Ain Farms Chocolate Milk 250 ml,1.95 AED,unknown
Marmum Full Fat Fresh Laban 1 Litre,5.75 AED,unknown
Chtoora Airan Laban 225 ml,1.55 AED,unknown
Alpro No Sugar Nutty Almond Drink 1 Litre,10.95 AED,unknown
Nada Vanilla Protein Milk 320 ml,5.95 AED,unknown
Almarai Strawberry & Banana Protein Milk Fat Free 400 ml,7.25 AED,unknown
Almarai Chocolate Protein Milk Fat Free 400 ml,7.25 AED,unknown
Almarai Vanilla Protein Milk Fat Free 400 ml,7.25 AED,unknown
Camelicious Fresh Laban Lemon & Mint 250 ml,6.20 AED,unknown
Camelicious Fresh Laban 1 Litre,17.95 AED,unknown
Almarai Coffee Protein Milk Fat Free 400 ml,7.25 AED,unknown
Yakult Milk Drink Gold 80 ml,4.20 AED,unknown
Freshco Laban With Cumin Jeera Laban 200 ml,1.35 AED,unknown
Freshco Dates Milk Shake 500 ml,2.95 AED,unknown
Freshco Dates Milk Shake 200 ml,1.90 AED,unknown
Australia's Own Original Organic Almond Milk 1 Litre,22.50 AED,unknown
Australia's Own Unsweetened Organic Almond Milk 1 Litre,29.50 AED,unknown
Safa Laban With Mint Drink 200 ml,1.35 AED,unknown
Pocasville Almond Milk Original Flavor 490 ml,8.95 AED,unknown
Pocasville Macadamia Milk Original Flavor 490 ml,8.95 AED,unknown
Alpro Soya Original Soya Milk 1 Litre,12.50 AED,unknown
Soyfresh Chocolate Soya Milk 1 Litre,9.95 AED,unknown
Alpro No Sugars Soya Milk 1 Litre,12.95 AED,unknown
Soyfresh Non Dairy Soya Milk 1 Litre,9.50 AED,unknown
Soyfresh Cappuccino Soya Milk 1 Litre,9.95 AED,unknown
Drinho Soya Milk Hi Calcium 1 Litre,9.95 AED,unknown
Drinho Soya Milk Low Sugar with Calcium 1 Litre,9.95 AED,unknown
Vitamilk Soya Milk 300 ml,6.25 AED,unknown
V-Soy Original Soya Bean Milk 300 ml,6.50 AED,unknown
Vitamilk Soy Milk 1 Litre,16.95 AED,unknown
V - Soy Original Soya Bean Milk 1 Litre,15.50 AED,unknown
Alpro Soya Milk Chocolate Flavour 1 Litre,14.50 AED,unknown
Alpro Soya Milk Light 1 Litre,13.90 AED,unknown
Alpro Soya Milk Vanilla Flavour 1 Litre,15.50 AED,unknown
Soyfresh Strawberry Soya Milk 1 Litre,9.95 AED,unknown
Alpro Organic Soya Milk 1 Litre,14.95 AED,unknown
PlanetY Organic Almond Dairy Free Drink 1 Litre,14.95 AED,unknown
PlanetY Organic Soya Dairy Free Drink 1 Litre,9.90 AED,unknown
Al Ain Farms Full Cream Yoghurt 1 kg,6.95 AED,unknown
Almarai Fresh Yoghurt Full Cream 1 kg,6.95 AED,unknown
Marmum Full Fat Fresh Yoghurt 1 kg,4.95 AED,unknown
LuLu Fresh Yoghurt Full Fat 1 kg,5.75 AED,unknown
Activia Mix & Go Breakfast Oat Honey Granola Yogurt 150 g,7.75 AED,unknown
Danette Dessert Chocolate Flavour 90 g 6+2,13.75 AED,unknown
Hayatna Full Cream Yoghurt 1 kg,5.50 AED,unknown
Marmum Honey Fresh Greek Yogurt No Added Sugar 360 g,7.80 AED,unknown
Activia Go Drinkable Yoghurt Strawberry & Wild Strawberry 280 ml,5.40 AED,unknown
Al Ain Blueberry Greek Yoghurt 150 g,4.85 AED,unknown
LuLu Fresh Yoghurt Low Fat 1 kg,5.75 AED,unknown
Danette Dessert Vanilla Flavour 90 g 6+2,13.75 AED,unknown
Milco Full Cream Fresh Yoghurt 1 kg,6.95 AED,unknown
Al Ain Farms Full Cream Yoghurt 2 kg,13.30 AED,unknown
Al Rawabi Full Cream Fresh Yoghurt 1 kg,5.95 AED,unknown
Fage Total Yoghurt 2% 150 g,10.95 AED,unknown
Almarai Strawberry Flavoured Fresh Yoghurt 150 g,1.65 AED,unknown
Almarai Full Fat Vetal Fresh Yoghurt 170 g,1.95 AED,unknown
Rachel Organic Greek Style Yoghurt Mango 450 g,18.50 AED,unknown
Balade Apricot Greek Yogurt Value Pack 2 x 100 g,11.50 AED,unknown
Puck Cooking Cream 200 ml,8.95 AED,unknown
Oldenburger Cooking Cream 1 Litre,27.50 AED,unknown
Almarai Cooking Cream 1 Litre,26.85 AED,unknown
Puck Cooking Cream 1 Litre,28.95 AED,unknown
Almarai Full Fat Cooking Cream 500 ml,15.50 AED,unknown
Al Safi Cooking Cream 1 Litre,25.95 AED,unknown
Pristine 3in1 Multipurpose Cream 1 Litre,22.95 AED,unknown
Marmum Sour Cream 200 g,6.75 AED,unknown
Flora Lactose Free Cooking Cream 500 ml,15.65 AED,unknown
President Whipping Cream Tetra 500 ml,23.90 AED,unknown
El mlea Single Cream 270 ml,15.50 AED,unknown
El mlea Double Cream 270 ml,16.95 AED,unknown
Elle & Vire Cooking Cream 35% Fat 500 ml,26.95 AED,unknown
Puck Whipping Cream 2 x 500 ml,23.50 AED,unknown
Almarai Cooking Cream 2 x 1 Litre,42.40 AED,unknown
Puck Four Cheese Sauce 500 ml,19.50 AED,unknown
Daisy Sour Cream 397 g,29.95 AED,unknown
Puck Cooking Cream 2 x 500 ml,23.50 AED,unknown
Daisy Light Sour Cream 227 g,17.50 AED,unknown
President Cooking Cream 500 ml,22.50 AED,unknown
Puck Cream Cheese Spread 500 g,22.15 AED,unknown
The Three Cows Firm White Cheese 500 g,13.25 AED,unknown
Al Safi Mozzarella Cheese 2 x 200 g,14.25 AED,unknown
The Three Cows Shredded Mozzarella Cheese 2 x 200 g,12.90 AED,unknown
Almarai Burger Cheese Slices 200 g,8.15 AED,unknown
The Three Cows Shredded Mozzarella Cheese 200 g,10.95 AED,unknown
Kiri White Cheese Jar 500 g,15.95 AED,unknown
Marmum Shredded Mozzarella Cheese 2 x 200 g,13.50 AED,unknown
Kiri Spreadable Cream Cheese Squares 6 Portions 100 g,7.45 AED,unknown
Bega Super Slice Cheese 24 pcs 500 g,21.95 AED,unknown
Bega Cheddar Processed Cheese 500 g,25.70 AED,unknown
Egyptian Areesh Cheese 250 g,6.85 AED,unknown
So British Lancashire Cheese 250 g,15.10 AED,unknown
Fresh Baladi Cheese 250 g,10.45 AED,unknown
US Monterey Jack Cheese 250 g,9.95 AED,unknown
Smart Gourmet Spicy Chili Pepper Hummus 225 g,16.90 AED,unknown
Labneh With Black Olives 300 g,9.60 AED,unknown
Saudi Feta Cheese 450 g,9.10 AED,unknown
Fresh Naboulsi Cheese 450 g,14.40 AED,unknown
Fresh Akkawi Cheese 450 g,19.90 AED,unknown
Lurpak Butter Block Salted 400 g,25.25 AED,unknown
Lurpak Butter Block Unsalted 400 g,25.25 AED,unknown
Amul Salted Butter 500 g,19.90 AED,unknown
Nawar Sunflower Margarine 2 x 500 g,22.95 AED,unknown
Lurpak Butter Block Unsalted 2 x 400 g,37.90 AED,unknown
President Unsalted Butter 250 g,24.70 AED,unknown
Amul Salted Butter 100 g,4.50 AED,unknown
Amul Salted Butter With Garlic & Herb 100 g,4.75 AED,unknown
Lurpak Spreadable Salted Butter 2 x 250 g,18.90 AED,unknown
Lurpak Spreadable Unsalted Butter 2 x 250 g,18.90 AED,unknown
Goodness Forever Margarine 250 g,4.75 AED,unknown
Goodness Forever Margarine 500 g,8.90 AED,unknown
Flora Plant Based Unsalted Butter 200 g,11.95 AED,unknown
Yeo Valley Organic Rich & Creamy Salted Butter 200 g,22.50 AED,unknown
Ambassador Unsalted Blended Butter 200 g,7.90 AED,unknown
Mumtaz Table Margarine 200 g,4.40 AED,unknown
Elle & Vire Salted Gourmet Butter 250 g,25.50 AED,unknown
Lurpak Butter Unsalted Mini Blocks 6 x 50 g,21.25 AED,unknown
Delamere Goats Spreadable Butter 250 g,24.95 AED,unknown
Nawar Spreadable Margarine Trans Fat Free 250 g,7.50 AED,unknown
Al Ain Farms White Eggs Large 30 pcs,23.20 AED,unknown
Al Ain Farms White Eggs Medium 30 pcs,21.90 AED,unknown
Al Balad White Eggs Large 30pcs,19.90 AED,unknown
Saha Vitamin D Eggs Medium 30pcs,23.25 AED,unknown
Organic Free Range Eggs 10pcs,19.25 AED,unknown
Al Balad White Eggs Medium 30pcs,19.95 AED,unknown
Al-Fadeel White Eggs Medium 30 pcs,10.90 AED,unknown
Garden Fresh White Eggs Large 30pcs,21.50 AED,unknown
Al Tamam White Eggs Medium 30 pcs,19.50 AED,unknown
Jenan White Fresh Eggs Medium 15 pcs,13.25 AED,unknown
Abu Dhabi Poultry Farm White Eggs Medium 30pcs,17.20 AED,unknown
Al Balad Quail Eggs 18 pcs,9.50 AED,unknown
Bio Farm Medium Free Range Eggs 10 pcs,16.95 AED,unknown
Bio Farm Organic Brown Eggs Medium 10 pcs,18.95 AED,unknown
Jenan Brown Eggs Medium 15 pcs,12.50 AED,unknown
Al Tamam Fresh White Eggs Small 30 pcs,14.50 AED,unknown
Al Balad Fresh White Eggs Large 30pcs,20.95 AED,unknown
Saha Lutein & Zeaxanthin Egg Medium 30pcs,31.25 AED,unknown
Orvital Organic Eggs Medium 6 pcs,15.90 AED,unknown
Orvital Organic Eggs Medium 10pcs,25.75 AED,unknown
Lusine Sliced White Bread 600 g,4.60 AED,unknown
LuLu Sliced Milk Bread Large 500 g,3.95 AED,unknown
Lusine Sliced Brown Bread 1 pkt,4.50 AED,unknown
Lusine Sliced Milk Bread 600 g,6.75 AED,unknown
Brown Sandwich Bread 1 pkt,7.25 AED,unknown
Lusine Multigrain Sliced Bread 600 g,6.95 AED,unknown
Yaumi Sliced White Bread 550 g,4.20 AED,unknown
Modern Bakery Protein Bread 4 pcs,7.00 AED,unknown
Al Arz Large Lebanese Bread 6 pcs,3.15 AED,unknown
Switz Original Tortilla Wraps 8 pcs 360 g,15.45 AED,unknown
LuLu Arabic White Bread Medium 4 pcs,1.35 AED,unknown
Al Arz Arabic Bread Medium 5 pcs,1.75 AED,unknown
Modern Bakery Lebanese Bread White Medium Size 1 pkt,1.35 AED,unknown
Fresh Baguette French 1 pc,2.90 AED,unknown
Demi French Baguette 130 g,2.10 AED,unknown
Demi Baguette 3 pcs,2.25 AED,unknown
LuLu Tortilla 8 pcs,8.50 AED,unknown
KFMBC Arabic Bread Regag 350 g,11.95 AED,unknown
Capricorn Cream Bun 70 g,1.95 AED,unknown
Sundried Tomato Ciabatta Sandwich 1 pc,2.50 AED,unknown
Truffle Choco Tub 200 g,8.45 AED,unknown
Yaumi Cup Cake Vanilla And Chocolate 12 x 30 g,8.50 AED,unknown
Yaumi Cup Cake Strawberry 12 pcs,8.50 AED,unknown
7 Days Swiss Roll with Vanilla Filling 20 g,0.70 AED,unknown
Euro Cake Vanilla Mountain Cake 60 g,1.40 AED,unknown
LuLu Bake Art Hazelnut Milk Cake 350 g,14.90 AED,unknown
LuLu Bake Art Mango Milk Cake 350 g,14.90 AED,unknown
LuLu Bake Art Oreo Milk Cake 350 g,14.90 AED,unknown
Choco Red Velvet Cheese Tub 200 g,8.45 AED,unknown
Lotus Cheese Tub 200 g,8.45 AED,unknown
Keto Protein Pistachio Bliss 150 g,32.50 AED,unknown
McVitie's Jaffa Cake Bars 5 pcs,11.50 AED,unknown
McVitie's Penguin Cake Bars 5 pcs,11.50 AED,unknown
McVitie's Digestive Caramel Millionaire Slices Cake Snack Bars 5 pcs,10.95 AED,unknown
McVitie's BN Raspberry Flavour Mini Rolls 5 pcs,9.95 AED,unknown
McVitie's Jaffa Cakes Mini Rolls Zesty Orange 5 pcs,12.50 AED,unknown
Galaxy Chocolate Cake Bars 5 pcs,15.50 AED,unknown
McVitie's BN Chocolate Flavour Mini Rolls 5 pcs,9.95 AED,unknown
LuLu Vanilla Cupcake 12 x 30 g,9.25 AED,unknown
Vanilla Swiss Roll 5 pcs,10.75 AED,unknown
LuLu Tirsha Bitmar 1 pkt,2.60 AED,unknown
Labneh Cheese Manakish 1 pc,5.80 AED,unknown
PP Barazeek 500 g,20.00 AED,unknown
Petit Four 500 g,23.75 AED,unknown
Premium Backlawa Walnut 500 g,27.50 AED,unknown
Premium Ashuabulbul Pistachio 500 g,27.50 AED,unknown
Hareesa With Coconut 500 g,10.00 AED,unknown
Kunafa With Cream 1 kg,31.50 AED,unknown
Premium Baklawa Pistachio 500 g,32.50 AED,unknown
Premium Dates Mamool 500 g,25.00 AED,unknown
Premium Pistachio Mamool 500 g,30.00 AED,unknown
Premium Walnut Mamool 500 g,25.00 AED,unknown
Premium Harissa Almonds 500 g,17.50 AED,unknown
Premium Kolwesh Koor Pistachio 250 g,13.75 AED,unknown
Premium Date Ghuraiba 500 g,25.00 AED,unknown
Al Mealim Finest Arabian Sweets 240 g,36.65 AED,unknown
Lulu Gourmet Premium Baklava 350 g,29.75 AED,unknown
Lulu Gourmet Premium Croquant 300 g,24.50 AED,unknown
Lulu Gourmet Premium Baklawa No Added Sugar 350 g,38.75 AED,unknown
Lulu Gourmet Premium Baklawa 800 g,54.50 AED,unknown
Lulu Gourmet Chocolate Dates with Almond 500 g,40.50 AED,unknown
Retaj Choco Mamoul 1 pkt,16.90 AED,unknown
Retaj Sadah Fingers Pack 400 g,16.90 AED,unknown
Retaj Dates Mamoul 1 pkt,16.90 AED,unknown
Retaj Toffee Mamoul 1 pkt,16.90 AED,unknown
Retaj Cinnamon Biscuit 1 pkt,16.90 AED,unknown
Retaj Coconut Biscuit 1 pkt,16.90 AED,unknown
Retaj Brown Bread Mamoul 1 pkt,16.90 AED,unknown
Retaj Bracelets Mamoul 1 pkt,16.90 AED,unknown
Retaj Sesame Cakes 1 pkt,16.90 AED,unknown
Retaj Brown Bread Bracelets 1 pkt,16.90 AED,unknown
Retaj Vanilla Biscuit 1 pkt,16.90 AED,unknown
Retaj Kleeja Large 1 pkt,19.95 AED,unknown
Retaj Brown Bread Fingers 1 pkt,16.90 AED,unknown
Retaj Nigella Sative Fingers 1 pkt,16.90 AED,unknown
Sausage Roll 1 pc,2.25 AED,unknown
BB Cheese Croissant 90 g,2.35 AED,unknown
Euro Cake Jumbo Croissant with Honey 50 g,1.70 AED,unknown
Sausage Roll 1 pc,2.90 AED,unknown
Chicken Tikka Plait 1 pc,3.95 AED,unknown
Cheese Croissant 5 pcs,8.75 AED,unknown
Lusine Cheese Croissant 60 g,1.95 AED,unknown
Lusine Apple Puff 70 g,2.00 AED,unknown
Lusine Chocolate Puff 70 g,2.10 AED,unknown
Lusine Cheese & Zaatar Croissant 60 g,1.95 AED,unknown
Lusine Cheese Puff 70 g,2.10 AED,unknown
7 Days Croissant With Strawberry 55 g,1.95 AED,unknown
Lusine Zaatar Croissant 60 g,1.95 AED,unknown
Mini Almond Croissant 10 pcs,10.50 AED,unknown
Mini Pain au Fromage Croissant 15 pcs,14.45 AED,unknown
7 Days Croissant Vanilla & Cocoa 55 g,2.00 AED,unknown
7 Days Croissant With Vanilla Cream 55 g,2.00 AED,unknown
Mini Pain Au Chocolate 12 pcs,14.50 AED,unknown
Lusine Cheese & Zaatar Puff 70 g,2.10 AED,unknown
Bridor Organic Croissant 4 pcs,10.50 AED,unknown
KFMBC Arabic Bread Regag 350 g,11.95 AED,unknown
Eggless Slice Cake 5 pcs,7.25 AED,unknown
Sugar Free Chocolate Slice Cake 1 pkt,8.75 AED,unknown
Modern Bakery Protein Bread 4 pcs,7.00 AED,unknown
Plain Sugar Free Muffin 6 pcs,9.25 AED,unknown
Sugar Free Vanilla Slice Cake 1 pkt,8.75 AED,unknown
Chocolate Sugar Free Muffin 6 pcs,9.25 AED,unknown
Lovemore Chocolate Brownies Cake 180 g,26.50 AED,unknown
Schar Tortilla Wrap Gluten Free 160 g,31.90 AED,unknown
Modern Bakery Low Calorie Whole Meal Bread 4 pcs,2.35 AED,unknown
Modern Bakery Diet Bread 4 pcs,3.15 AED,unknown
Modern Bakery Olive Protein Cracker 200 g,19.35 AED,unknown
Modern Bakery Cheese Protein Cracker 200 g,19.35 AED,unknown
Keto Salted Caramel S'More Brownie 2 pcs,19.50 AED,unknown
Keto Raspberry Financier Cake 2 pcs,16.50 AED,unknown
Keto Peanut Butter Brownie 2 pcs,19.50 AED,unknown
Keto Brownie Cookies 2 pcs,17.50 AED,unknown
Keto Expresso Bar 1 pc,16.50 AED,unknown
Keto Lemon Financier Cake 2 pcs,16.50 AED,unknown
Keto Macadamia Flaxseed Cookies 2 pcs,17.50 AED,unknown
LuLu Beef Breakfast Sausage 300 g,15.25 AED,unknown
LuLu Turkey Breakfast Sausage 300 g,19.95 AED,unknown
LuLu Cooked Chicken Sausages 500 g,17.50 AED,unknown
LuLu Chicken Franks 500 g,22.25 AED,unknown
LuLu Beef Franks 500 g,22.50 AED,unknown
LuLu German Frankfurter 500 g,17.50 AED,unknown
LuLu Chicken BBQ Sausage 500 g,16.75 AED,unknown
LuLu Lamb Franks 500 g,18.50 AED,unknown
LuLu Smoked Turkey Breast Fat Free 250 g,15.00 AED,unknown
Bibi Smoked Turkey Breast 250 g,19.25 AED,unknown
Lolo Family Smoked Roasted Turkey Breast 250 g,17.50 AED,unknown
Senora Jumbo Chicken Sausage With Sage & Onion 240 g,12.50 AED,unknown
Senora Beef Sausage 240 g,14.90 AED,unknown
Senora Jumbo Chicken & Cheese Sausage 240 g,12.50 AED,unknown
Prime Smoked Turkey Breast Low Fat Roll 250 g,22.85 AED,unknown
Khazan Beef Cocktail Sausages 250 g,19.60 AED,unknown
Khazan Chicken Cocktail Sausage 250 g,18.80 AED,unknown
Khazan Beef Sausages 250 g,19.00 AED,unknown
Khazan Chicken Sausages 250 g,22.85 AED,unknown
Prime Smoked Turkey Breast 250 g,20.00 AED,unknown
Turkish Lombardi Pepper Pickle 300 g,6.30 AED,unknown
Lebanese Black Olives 300 g,7.20 AED,unknown
Jordan Black Olives Gegeer in Oil 300 g,9.00 AED,unknown
Lebanese Green Olives 300 g,7.20 AED,unknown
Hutesa Spanish Green Olive Stuffed Pimiento 300 g,7.75 AED,unknown
Hutesa Spanish Black Pitted Olive 300 g,7.95 AED,unknown
Hutesa Spanish Whole Green Olives 300 g,4.65 AED,unknown
Hutesa Spanish Whole Black Olives 300 g,4.65 AED,unknown
Hutesa Spanish Green Pitted Olive 300 g,7.95 AED,unknown
Hutesa Spanish Sliced Black Olives 300 g,7.45 AED,unknown
Hutesa Spanish Sliced Green Olives 300 g,7.45 AED,unknown
Egyptian Onion Pickles 300 g,4.05 AED,unknown
Syrian Red Chilly Paste 300 g,5.10 AED,unknown
Egyptian Hot Yellow Pepper 300 g,3.95 AED,unknown
Egyptian Lemon Pickles 300 g,3.80 AED,unknown
Egyptian Plain Green Olives 300 g,4.95 AED,unknown
Egyptian Mixed Pickles 300 g,1.45 AED,unknown
Greek Green Chilly Pickles 300 g,3.75 AED,unknown
Egyptian Premium Mixed Pickles 300 g,3.15 AED,unknown
Greek Kalamata Olives Colossal 300 g,10.75 AED,unknown
ID Malabar Parota 5 pcs,5.95 AED,unknown
ID Whole Wheat Parota 5 pcs,5.95 AED,unknown
Arogya Heat & Eat Idiyappam 10 pcs,4.95 AED,unknown
ID Whole Wheat Chapati 10pcs,5.95 AED,unknown
Arogya Appam Wet Mix 1 kg,6.55 AED,unknown
ID Rice Idiyappam 10pcs 650 g,6.95 AED,unknown
LuLu Appam Wet Mix 1 kg,5.25 AED,unknown
LuLu Idiyappam 10pcs,4.95 AED,unknown
LuLu Whole Wheat Chapati 6 pcs,2.90 AED,unknown
LuLu Idly & Dosa Batter 1 kg,4.75 AED,unknown
Id Chennai Rice Pathiri 10pcs,5.25 AED,unknown
Arogya Instant Idly /Dosa Wet Mix Tub 1 kg,6.50 AED,unknown
ID Chennai Idly Dosa Batter 1 kg,5.80 AED,unknown
Saravana Coin Porotta 10pcs,6.25 AED,unknown
Saravana Wheat Chapathi 10+2,4.75 AED,unknown
LuLu Idly & Dosa Batter in Tub 1 kg,6.25 AED,unknown
Aryaa Chappathi 7 pcs,3.75 AED,unknown
Aryaa Idly Dosa Wet Mix 1 kg,5.50 AED,unknown
Saravana Ceylon Porotta 5 pcs,4.90 AED,unknown
Saravana Appam Batter 1 kg,6.75 AED,unknown
Korean Slice Kimchi Pickles 250 g,9.95 AED,unknown
Green Village Fresh Tofu 500 g,7.25 AED,unknown
Mori-Nu Silken Soft Tofu 305 g,15.25 AED,unknown
House Foods Tofu Premium Soft Silken396 g,19.50 AED,unknown
Mori-Nu Gluten Free Nigari Silken Tofu 325 g,12.75 AED,unknown
Mori-Nu Silken Lite Firm Tofu 305 g,15.25 AED,unknown
House Foods Organic Tofu Cutlet Asta-Age 184 g,19.95 AED,unknown
House Foods Premium Tofu Extra Firm 340 g,17.75 AED,unknown
Mori-Nu Silken Firm Tofu Blue 307 g,14.90 AED,unknown
Mori-Nu Organic Silken Tofu 305 g,15.75 AED,unknown
Paldo Kimchi Flavor Jumbo Noodles 110 g,8.40 AED,unknown
Fresh Paneer 300 g,8.85 AED,unknown
Hummous With Coriander&Chili 200g,5.10 AED,unknown
President Turkish Labneh 250 g,5.45 AED,unknown
Turkish Plain Labneh 250 g,6.20 AED,unknown
Saudi Plain Labneh 250 g,5.45 AED,unknown
Fresh Hummous 300g,7.70 AED,unknown
Fresh Labneh Low Fat 250 g,7.40 AED,unknown
Egyptian Roumy Cheese 250 g,10.75 AED,unknown
Rana Tortelloni Tomato & Mozzarella 250 g,32.20 AED,unknown
Rana Tortelloni Basil And Pinenuts Pesto 250 g,30.50 AED,unknown
Rana Tortelloni Ricotta & Spinach 250 g,28.60 AED,unknown
Rana Ravioli Formaggi with 4 Cheese 250 g,29.90 AED,unknown
Giovanni Rana Potato Gnocchi 400 g,19.75 AED,unknown
Rana Pasta Per Lasagne 250 g,18.75 AED,unknown
Rana Spaghetti 250 g,17.65 AED,unknown
Balade Labneh Ball Original 500 g,19.75 AED,unknown
Pizza Flavor Corn Tortilla Chips 250 g,9.00 AED,unknown
American Specialty Cheddar Cheese Corn Tortilla Chips 200 g,7.40 AED,unknown
Halawa With Pistachio 300 g,6.75 AED,unknown
Jordan Halawa with Chocolate 300 g,6.75 AED,unknown
Banana Ecuador 1 kg,6.95 AED,Fruits
Avocados Kenya 1 kg,12.60 AED,Fruits
Strawberry Egypt 250 g,5.95 AED,Fruits
Watermelon Iran 3 kg,7.35 AED,Fruits
Banana Yellow India 1 kg,9.95 AED,Fruits
Apple Red Iran 1 kg,6.45 AED,Fruits
Apple Royal Gala Poland 1 kg,7.95 AED,Fruits
Apple Rockit 1 pkt 5 pcs,22.00 AED,Fruits
Apple Royal Gala UK 1 kg,9.95 AED,Fruits
Baby Apple Royal Gala 1 kg,7.95 AED,Fruits
Apple Jazz Mini New Zealand 1 pkt,7.95 AED,Fruits
Mandarin Basket 1.5 kg,12.50 AED,Fruits
Orange Navel Egypt 1 kg,4.40 AED,Fruits
Strawberry 250 g,19.50 AED,Fruits
Mango South Africa 1 kg,14.95 AED,Fruits
Orange Valencia Egypt 1 kg,2.95 AED,Fruits
Apple Red USA 1 kg,8.95 AED,Fruits
Apple Green 1 kg,8.65 AED,Fruits
Mango Badami 1 kg,17.95 AED,Fruits
Apple Golden 1 kg,8.95 AED,Fruits
Carrots Australia 500 g,2.50 AED,Vegetables
Tomato UAE 500 g,2.00 AED,Vegetables
Onion Bag 2 kg,7.90 AED,Vegetables
Coconut Shredded India 350 g,5.45 AED,Vegetables
Mushroom Oman 1 pkt,5.95 AED,Vegetables
Iceberg Lettuce 500 g,2.50 AED,Vegetables
Salad Combo Pack 2.25 kg,15.00 AED,Vegetables
Tomato 5 kg,19.95 AED,Vegetables
Sweet Potato Purple 500 g,9.95 AED,Vegetables
Kachil Sri Lanka 250 g,4.25 AED,Vegetables
Garlic Pure White China Small 1 pkt,5.50 AED,Vegetables
Tomato Cherry Yellow Holland 250 g,17.50 AED,Vegetables
Garlic Pure White China Big 1 pkt,11.00 AED,Vegetables
Ginger China 250 g,2.10 AED,Vegetables
Garlic Pure White China 250 g,2.45 AED,Vegetables
Suran (Yam) India 1 kg,7.65 AED,Vegetables
Baby Potato India 500 g,5.45 AED,Vegetables
Garlic India 200 g,3.40 AED,Vegetables
Tapioca Sri Lanka 1 kg,6.95 AED,Vegetables
Coconut Whole India 1 pc,2.95 AED,Vegetables
Tomato Cherry Yellow Holland 250 g,17.50 AED,unknown
Tomato Beef Local 500 g,3.50 AED,unknown
Tomato 1.5 kg,6.50 AED,unknown
Tomato Bunch Red Holland 500 g,10.95 AED,unknown
Cherry Tomato Bunched Holland 500 g,24.50 AED,unknown
Roma Tomato Holland 500 g,10.95 AED,unknown
Cherry Tomato Holland 250 g,10.95 AED,unknown
Cherry Tomato Bucket Holland 500 g,21.95 AED,unknown
Roma Tomato 500 g,3.50 AED,unknown
Cucumber Holland 1 kg,21.95 AED,unknown
Tomato Bunch 500 g,1.95 AED,unknown
Cucumber 5 kg,29.00 AED,unknown
Tomato UAE 500 g,2.00 AED,unknown
Armela Snack Cucumber 250 g,4.95 AED,unknown
Red Tomato Cherry UAE 250 g,4.95 AED,unknown
Cherry Tomato Bucket Morocco 500 g,15.95 AED,unknown
Cherry Tomato On Vine Kraft 290 g,12.95 AED,unknown
Cherry Tomato Mix Candy UAE 300 g,12.50 AED,unknown
Tomato Cherry Shaker UAE 250 g,8.95 AED,unknown
Hola Tomato Cherry Red UAE 1 pkt,4.50 AED,unknown
Fresh Cut Strawberry 250g,16.00 AED,unknown
Fresh Cut Dragon Fruit 250g,8.50 AED,unknown
Pomegranate Seeds 250g,13.75 AED,unknown
Fresh Cut Coconut 200g,4.30 AED,unknown
Fresh Cut Kiwi Fruit 250g,8.50 AED,unknown
Fresh Cut Honey Dew 250g,8.20 AED,unknown
Fresh Papaya Cuts 250g,5.25 AED,unknown
Fresh Cut Citrus 250g,4.20 AED,unknown
Sliced Water Melon 250g,3.15 AED,unknown
Sliced Sweet Melon 250g,4.70 AED,unknown
Sliced Rock Melon 250g,5.65 AED,unknown
Mixed Melon 250 g,5.65 AED,unknown
Mixed Fruits 250g,7.20 AED,unknown
Pineapple Cuts 250g,6.90 AED,unknown
Mango Sliced 250g,7.85 AED,unknown
Fresh Sliced Kiwi Fruit 400g,10.30 AED,unknown
Pakistani Beef Bone In 500 g,13.25 AED,unknown
Indian Buffalo Biriyani Cut Boneless 500 g,13.95 AED,unknown
Indian Veal Boneless 500 g,14.75 AED,unknown
Brazilian Beef Rib Eye Steak 300 g,15.55 AED,unknown
Indian Buffalo Mince 500 g,11.95 AED,unknown
Brazilian Beef Stroganoff 300 g,14.05 AED,unknown
Pakistani Beef Boneless 500 g,18.95 AED,unknown
Indian Buffalo Burger 300 g,9.55 AED,unknown
Brazilian Beef Cubes 500 g,15.95 AED,unknown
Pakistani Beef Curry Cut Bone In 500 g,11.95 AED,unknown
New Zealand Beef Chunk Tender 300 g,18.55 AED,unknown
Australian Beef Steak Mince 500 g,27.95 AED,unknown
New Zealand Beef Mince 500 g,23.45 AED,unknown
Australian Beef Mince 500 g,21.95 AED,unknown
Australian Beef Cubes 500 g,21.95 AED,unknown
New Zealand Beef Cubes 500 g,23.45 AED,unknown
Australian Beef Round Steak 300 g,17.05 AED,unknown
Brazilian Beef Kofta 500 g,20.95 AED,unknown
Indian Buffalo Cubes 500 g,11.95 AED,unknown
Brazilian Beef Mince 500 g,15.95 AED,unknown
Indian Mutton Cuts Bone In 500 g,20.95 AED,unknown
Indian Mutton Rib Chops 200 g,10.60 AED,unknown
Indian Mutton Loin Chops 400 g,21.55 AED,unknown
Indian Mutton Mince 500 g,32.95 AED,unknown
Australian Lamb Heart 500 g,21.95 AED,unknown
Indian Mutton Shoulder Cuts 500 g,24.95 AED,unknown
Indian Mutton Neck 350 g,16.05 AED,unknown
New Zealand Lamb Forequarter 500 g,16.95 AED,unknown
Pakistani Mutton Cuts Bone In 500 g,21.95 AED,unknown
Australian Lamb Leg Chump On 500 g,22.95 AED,unknown
Australian Lamb Leg Steak Boneless 350 g,20.95 AED,unknown
Australian Lamb Shank 500 g,22.95 AED,unknown
New Zealand Lamb Shoulder Chops 350 g,18.50 AED,unknown
Australian Lamb Loin Chops 470 g,26.75 AED,unknown
Australian Lamb Leg Steak Bone In 350 g,20.25 AED,unknown
Australian Lamb Mince 300 g,18.55 AED,unknown
Australian Lamb Forequarter Chops 350 g,18.15 AED,unknown
Local Lamb Forequarter 500 g,31.95 AED,unknown
Australian Lamb Kofta 500 g,27.95 AED,unknown
Australian Lamb Kidney 500 g,23.45 AED,unknown
Alyoum Fresh Chicken Breast Fillet 1 kg,55.25 AED,unknown
Alyoum Fresh Whole Chicken 1 kg,24.00 AED,unknown
Al Ain Fresh Whole Chicken 900 g,20.45 AED,unknown
Garden Fresh Chicken Breast Boneless 500 g,20.95 AED,unknown
Alyoum Fresh Chicken Breast Fillet 500 g,27.50 AED,unknown
Al Khazna Fresh Chicken Whole Legs 500 g,14.20 AED,unknown
Al Khazna Fresh Chicken Cut Skinless 12 pcs 750 g,24.40 AED,unknown
Al Ain Farms Fresh Chicken Whole Legs 900 g,25.95 AED,unknown
Al Ain Farms Fresh Chicken Thighs 900 g,22.95 AED,unknown
Fresh Chicken Thigh Bone In 500 g,14.15 AED,unknown
Al Ain Fresh Chicken Whole Leg 500 g,14.95 AED,unknown
Al Ain Mixed Chicken Parts Skin On 800 g,22.00 AED,unknown
Tanmiah Fresh Whole Chicken Cuts Skinless 900 g,20.95 AED,unknown
Al Ajban Fresh Whole Chicken 700 g,15.10 AED,unknown
Al Ajban Fresh Whole Chicken 900 g,19.35 AED,unknown
Al Ajban Fresh Whole Chicken 1 kg,21.50 AED,unknown
Al Ajban Fresh Whole Chicken 1.2 kg,25.75 AED,unknown
Al Ajban Fresh Chicken Bones 1 kg,7.50 AED,unknown
Al Rawdah Fresh Chicken Whole Legs 500 g,17.40 AED,unknown
Al Ain Fresh Chicken Neck 500 g,8.10 AED,unknown
Local Small Camel Bone In 500 g,25.95 AED,unknown
Local Small Camel Boneless 500 g,27.95 AED,unknown
Fresh Norwegian Salmon Fillet 350 g,29.70 AED,unknown
Fresh Tilapia Fish Whole Cleaned 1 kg,14.90 AED,unknown
Fresh Black Seabream Whole Cleaned 1 kg,41.90 AED,unknown
Fresh Norwegian Salmon Whole Cleaned 2.5 kg,109.00 AED,unknown
Fresh Arabian Seabass Whole Cleaned 1 kg,28.90 AED,unknown
Fresh Sea Bass Whole Cleaned 1 kg,42.90 AED,unknown
Fresh Sultan Ibrahim Whole Cleaned 500 g,12.45 AED,unknown
Fresh Mackerel Small 500 g,7.45 AED,unknown
Fresh Sultan Ibrahim (Sara) Whole Cleaned 500 g,5.95 AED,unknown
Fresh Norwegian Salmon Boneless Skinless Fillet 350 g,31.45 AED,unknown
Sardines Big Whole Cleaned 500 g,6.45 AED,unknown
Sardines Big Not Cleaned 500 g,6.45 AED,unknown
King Fish Small Whole Cleaned 2 kg,83.80 AED,unknown
King Fish Small Steak 2 kg,83.80 AED,unknown
King Fish Small Curry/Cubes Cut 2 kg,83.80 AED,unknown
King Fish Small Not Cleaned 2 kg,83.80 AED,unknown
Fresh Dover Sole Fish Big Whole Cleaned 1 kg,20.90 AED,unknown
Fresh Black Pomfret Whole Cleaned 1 kg,39.90 AED,unknown
Fresh Mullan Fish Big Whole Cleaned 500 g,9.45 AED,unknown
Fresh Barracuda Fish Whole Cleaned 1 kg,16.90 AED,unknown
Omega Cooked Clams 1 kg,54.90 AED,unknown
Omega Cooked Mussels 1 kg,41.90 AED,unknown
"Santa Bremor Caviar Salmon Imitation ""Stolnaya"" 230 g",26.90 AED,unknown
Santa Bremor Caviar Sturgeon Imitation 230 g,26.90 AED,unknown
Defrosted Mussel Half Shell 1 kg,51.90 AED,unknown
Fresh Black Tiger Prawns 500 g,25.95 AED,unknown
Fresh Farmed Prawns Small 500 g,19.95 AED,unknown
Fresh Crab Local Big 1 kg,30.90 AED,unknown
Bluver Anchois Fillet 200 g,27.90 AED,unknown
Bluver Octopus Salads 200 g,38.70 AED,unknown
Saint Malo Happy Surimi Sticks 200 g,19.25 AED,unknown
Salmon Roe Caviar 100 g,63.90 AED,unknown
Saint Malo Surimi Batonnet Sticks 400 g,32.30 AED,unknown
Fresh Crab Local Big 1 kg,18.90 AED,unknown
Fresh Crab Female 500 g,10.95 AED,unknown
Salmon & Shrimp Kebab 250 g,24.25 AED,unknown
Caviar Exclusives Lump Fish Roe Black 100 g,39.90 AED,unknown
Fresh Farmed Prawns Large Head On Fully Cleaned 500 g,21.95 AED,unknown
Fresh Farmed Prawns Large Peeled & Deveined 500 g,21.95 AED,unknown
Fresh Farmed Prawns Large Tail On Fully Cleaned 500 g,21.95 AED,unknown
Caviar Classic Smoked Atlantic Salmon 300 g,41.90 AED,unknown
Salmontini Smoked Salmon 100 g,24.95 AED,unknown
Royal Dried Roasted Prawn 50 g,3.95 AED,unknown
Royal Dried Shark 100 g,4.75 AED,unknown
Royal Dried Silver Belly 100 g,4.75 AED,unknown
Royal Dried Anchovy 100 g,4.75 AED,unknown
Egyptian Herring Fish 1 kg,29.90 AED,unknown
Miki's Dried Slipmouth 200 g,12.95 AED,unknown
Miki's Dried Herring (Salted Tunsoy) 200 g,14.95 AED,unknown
Miki's Dried Anchovies (Dilis) 100 g,9.40 AED,unknown
Miki's Dried Mullet (Kapak) 160 g,11.00 AED,unknown
Miki's Dried Island Mackerel (Alumahan) 160 g,12.95 AED,unknown
Falcon Dried Sardines 180 g,4.25 AED,unknown
Falcon Dried Belt Fish 180 g,6.75 AED,unknown
Falcon Dried Shark Fish 180 g,5.95 AED,unknown
Falcon Dried Dover Sole 180 g,9.50 AED,unknown
Falcon Dried Mullan 180 g,8.25 AED,unknown
Falcon Dried Shrimps 200 g,7.95 AED,unknown
Falcon Dried Mackerel 180 g,6.50 AED,unknown
Falcon Dried Prawns 200 g,8.75 AED,unknown
Rasagulla 1 pc,2.90 AED,unknown
Rasmalai 1 pc,3.90 AED,unknown
Gulab Jamun 1 pc,2.25 AED,unknown
South Indian Laddu 250g,9.40 AED,unknown
Chocolate Barfi 250g,15.75 AED,unknown
Coconut Barfi 250g,16.00 AED,unknown
Balushahi 250g,6.00 AED,unknown
Kaju Kathli 250 g,17.00 AED,unknown
Milk Peda 250g,15.75 AED,unknown
Mathura Peda 250g,15.75 AED,unknown
Plain Barfi 250g,15.75 AED,unknown
Special Mysore Pak 250g,11.80 AED,unknown
Milk Cake 250 g,15.75 AED,unknown
Mini Gulab Jamun 10pcs,5.25 AED,unknown
Kaju Katli Sugar Free 250 g,21.00 AED,unknown
Indian Peanut Candy 250g,5.95 AED,unknown
Sesame Bar 250 g,9.20 AED,unknown
Jalebi 250g,7.90 AED,unknown
Imarti 250g,9.20 AED,unknown
Motichoor Laddu 250g,10.45 AED,unknown
3 Toppings Pizza Small 1 pc,15.75 AED,unknown
Mediterranean Salad Bowl 400 g,10.40 AED,unknown
Three Beans Salad Bowl 400 g,13.15 AED,unknown
Egg Salad Bowl 400 g,10.00 AED,unknown
Greek Fresh Salad Bowl 400 g,13.15 AED,unknown
Fatoush Salad Bowl 400 g,10.00 AED,unknown
Margherita Pizza Large 1 pc,22.00 AED,unknown
Pizza Chicken BBQ Small 1 pc,24.50 AED,unknown
Chicken Shawarma Pizza Large 1 pc,34.50 AED,unknown
Pepperoni Pizza Large 1 pc,32.50 AED,unknown
Quinoa Rainbow Salad 400 g,11.95 AED,unknown
Eggless Low Fat Garlic Paste 200g,3.95 AED,unknown
Red Beet Root Salad 200g,4.40 AED,unknown
Badinjan Moutable 500gApprox. Weight,9.95 AED,unknown
Home Made Coleslaw Salad 200g,5.25 AED,unknown
Russian Salad 200g,4.20 AED,unknown
Baba Ghannouge (Egg Plant) 200g,4.40 AED,unknown
Tabouleh 200g,5.30 AED,unknown
B.B.Q Special Pizza Large 1 pc,35.95 AED,unknown
Tandoori Special Pizza Large 1 pc,34.00 AED,unknown
Mango Salad-Hot & Spicy 300 g,7.35 AED,unknown
Marinated Mixed Cold Cuts With Olive Spicy 300 g,10.65 AED,unknown
Chicken Salad Spread Sandwich 1 pc,5.50 AED,unknown
Egg Sandwich 1 pc,5.00 AED,unknown
Smoked Turkey Sandwich 1 pc,9.90 AED,unknown
Cheese Sandwich 1 pc,6.50 AED,unknown
Chicken Tikka Sandwich 1 pc,8.90 AED,unknown
Hotdog Sandwich 1 pc,5.90 AED,unknown
Roast Beef Sandwich 1 pc,9.90 AED,unknown
Garden Cheese Salad 300 g,6.90 AED,unknown
Marinated Spicy Cocktail Olives 300 g,8.10 AED,unknown
Beef Croissant Sandwich 1 pc,7.90 AED,unknown
Vegetable Burger 1 pc,5.50 AED,unknown
Beef Burger 1 pc,6.90 AED,unknown
Chicken Croissant Sandwich 1 pc,7.90 AED,unknown
Chicken Burger 1 pc,5.90 AED,unknown
Chicken Fillet Sandwich 1 pc,9.90 AED,unknown
Spanish Sliced Mixed Olive Salad 250 g,6.75 AED,unknown
Fish Fillet Sandwich 1 pc,7.90 AED,unknown
Club House Brown Bread Sandwich 1 pc,11.25 AED,unknown
LuLu Fresh Papaya Juice 500 ml,8.90 AED,unknown
LuLu Fresh Mango Smoothie 500 ml,14.50 AED,unknown
LuLu Fresh Pomegranate Juice 250 ml,14.90 AED,unknown
LuLu Fresh Avocado with Milk 500 ml,13.90 AED,unknown
LuLu Fresh Watermelon Juice 250 ml,6.90 AED,unknown
LuLu Fresh Avocado Juice 250 ml,8.00 AED,unknown
LuLu Fresh Carrot Juice 250 ml,5.90 AED,unknown
LuLu Fresh Watermelon Juice 500 ml,8.90 AED,unknown
LuLu Fresh Banana with Milk 500 ml,5.90 AED,unknown
LuLu Fresh Watermelon Juice 1 Litre,18.90 AED,unknown
LuLu Fresh Strawberry Lassi 500 ml,6.45 AED,unknown
LuLu Fresh Mango Lassi 500 ml,6.90 AED,unknown
LuLu Fresh Dates Lassi 500 ml,6.50 AED,unknown
LuLu Fresh Sweet Lassi 500 ml,5.90 AED,unknown
LuLu Fresh Papaya Lassi 500 ml,5.90 AED,unknown
LuLu Fresh Beetroot Juice 500 ml,12.90 AED,unknown
LuLu Fresh Orange & Carrot Juice 500 ml,8.90 AED,unknown
LuLu Fresh Malai Lassi 500 ml,8.50 AED,unknown
LuLu Fresh Carrot Juice 500 ml,11.00 AED,unknown
LuLu Fresh Beginner Green Juice 500 ml,13.90 AED,unknown
Almarai Orange Juice Drink 18 x 140 ml,22.25 AED,unknown
Almarai Apple Drink 18 x 140 ml,22.25 AED,unknown
Almarai Mango Mixed Fruit Drink 6 x 140 ml,5.75 AED,unknown
Nestle Cream Original 48 x 160 g,174.90 AED,unknown
Almarai Mixed Fruit Drink 18 x 140 ml,22.25 AED,unknown
Cheetos Crunchy Flammin' Hot Puffed Corn 12 x 25 g,8.50 AED,unknown
Bayara Sukkary Fresh Dates Value Pack 500 g,9.90 AED,unknown
Galaxy Minis Smooth Milk Chocolate Bar 13 pcs 2 x 162.5 g,19.90 AED,unknown
Tiffany Nutty Bites Peanut Value Pack 8 x 72 g,6.90 AED,unknown
Snickers 10 Minis Chocolate Bar Value Pack 2 x 180 g,19.90 AED,unknown
Rabee Rose Water 1 Litre,7.25 AED,unknown
Noor Canola Oil Value Pack 2 x 1.5 Litres,21.90 AED,unknown
Aseel Vegetable Ghee 1 Litre,9.90 AED,unknown
Bayara Gram Flour Value Pack 2 x 1 kg,9.75 AED,unknown
Betty Crocker Whipping Cream Mix 2 x 140 g,14.90 AED,unknown
Kellogg's Corn Flakes 500 g,8.90 AED,unknown
Lipton Yellow Label Tea Value Pack 200 Teabags,24.90 AED,unknown
Kanan Devan Classic Tea Dust Jar 400 g,7.90 AED,unknown
Tiffany Bites Cashew Cookie Biscuits 8 x 72 g,6.90 AED,unknown
Tiffany Nutty Bites Pistachio 8 x 72 g,6.90 AED,unknown
Al Areesh Non Spicy Zing Chicken Fillet Value Pack 1 kg,38.90 AED,unknown
Al Ain Finely Chopped Molokhia 3 x 400 g,8.95 AED,unknown
Al Ain Okra Fine 3 x 400 g,8.95 AED,unknown
A'Saffa Frozen Whole Chicken 10 x 1.2 kg,191.00 AED,unknown
Seara Frozen Whole Chicken 900 g,8.95 AED,unknown
Selecta Ice Cream Pistachio & Cashews 750 ml,15.90 AED,unknown
Igloo Balou Chocolate Vanilla + Strawberry Vanilla 6 x 120 ml,9.95 AED,unknown
Selecta Quezo Real Ice Cream 750 ml,15.90 AED,unknown
Igloo Malai Kulfi Ice Cream Stick 5 x 65 ml,9.95 AED,unknown
Selecta Coffee Crumble Ice Cream 750 ml,15.90 AED,unknown
Solo Empanada Wheat Dough Value Pack 24 pcs 360 g,7.95 AED,unknown
Solo Empanada Dough Light Value Pack 24 pcs 360 g,7.95 AED,unknown
Solo Empanada Dough Value Pack 15 pcs 375 g,7.95 AED,unknown
Solo Empanada Dough Value Pack 24 pcs 360 g,7.95 AED,unknown
Selecta Double Dutch Ice Cream 750 ml,15.90 AED,unknown
Seara Jumbo Breaded Chicken Burger Value Pack 1 kg,13.90 AED,unknown
Selecta Cookies & Cream Ice Cream 750 ml,15.90 AED,unknown
Igloo Duet Raspberry and Vanilla Ice Cream Bar 5 x 65 ml,9.95 AED,unknown
Igloo Duet Mango And Vanilla Ice Cream Bar 5 x 65 ml,9.95 AED,unknown
Igloo King Cone Butter Scotch Ice Cream 5 x 120 ml,9.95 AED,unknown
